{"train_losses": [0.7739019018102575, 0.6320108925955636, 0.5713503446225767, 0.5303917160841523, 0.5027888266346442, 0.4783430267011047, 0.4627599211193266, 0.4462271699047593, 0.4361196104180876, 0.4217727027771965, 0.4206400139621957, 0.40916092778765967, 0.40260376687024635, 0.3977862309450826, 0.40176074275264034, 0.38786031389993336, 0.37828302207825676, 0.3837038061959403, 0.3745929549282821, 0.37387494061989757, 0.3680446466112894, 0.3681733666475488, 0.3600200421166798, 0.3599982338153496, 0.35719823484067564, 0.3566533002096509, 0.3506396089180437, 0.35228520279334335, 0.3513309354227056, 0.3454528181893485, 0.34362290209815616, 0.3488211785170136, 0.34177878883402185, 0.34106804005052677, 0.34037856310889836, 0.3479077745669733, 0.3376527793722809, 0.34303910557176703, 0.33690055623130194, 0.28695123765329833, 0.28842706506719035, 0.294317136734251, 0.2849123304256056, 0.2863958573517976, 0.2857402291474519, 0.28465705940206215, 0.2847214466478459, 0.28727315630231587, 0.277469186147054, 0.2839662571457959, 0.28273895352479644, 0.2769270967957835, 0.2797190169884414, 0.28154999281868104, 0.2824099190121605, 0.27914647797680403, 0.27226729769429203, 0.2768683095659528, 0.2799836033614224, 0.27343993805577516], "val_losses": [0.7422441042386568, 0.744346213428092, 0.6809361697465945, 0.6657215054131252, 0.6517114696572551, 0.6524608855195098, 0.6715947566888272, 0.6455933939056956, 0.6432373334723951, 0.6639083800822387, 0.6360731660053407, 0.6585378139621609, 0.630654774480687, 0.6525645879948095, 0.6662475957625952, 0.6074975152766748, 0.6428496607406672, 0.6613386957636683, 0.7578942362467448, 0.6445318916516426, 0.6426821072197659, 0.6626680909320986, 0.6459405799837776, 0.6478420409876785, 0.624703869103512, 0.6303761706509433, 0.645802495488317, 0.6558579913687793, 0.6314126183087135, 0.6346162415948107, 0.6488312661866129, 0.6837578473772321, 0.632658441285074, 0.6418622776352879, 0.6581937900305668, 0.6439569242707975, 0.6611161250858516, 0.6734431750957782, 0.6650611522520855, 0.6361669030381646, 0.6574280562068954, 0.6534129101540143, 0.6140119125030853, 0.7160264713161594, 0.6458570773784931, 0.6389903425559019, 0.6378851583851126, 0.6682970721905048, 0.6669557047414255, 0.6358263369270297, 0.6400355392847306, 0.6322901846637656, 0.6418584430960071, 0.6094725120460595, 0.6370846740666763, 0.6330130991394266, 0.6235849626422365, 0.6397516908750429, 0.6453451800783039, 0.6262250915639129]}