{"train_losses": [0.9191520176640263, 0.7549299356773417, 0.6643850300299428, 0.5993104443827634, 0.5514409672570607, 0.5160214188187211, 0.4946181616001028, 0.4750613402109298, 0.4567266818657123, 0.4381029200074534, 0.424705110055429, 0.42041720568944535, 0.4048047252836682, 0.39334529206614016, 0.39652336209413236, 0.3903548414038603, 0.38173240540519593, 0.378560911027212, 0.3751113840738932, 0.37142167962291256, 0.365709977266019, 0.3618614005436973, 0.3625303531222873, 0.3601315117891503, 0.3580216739795826, 0.35648403167724607, 0.35539793016544724, 0.3521480544963211, 0.355934653791801, 0.34833170027959914, 0.34850397340078204, 0.34844764612591456, 0.34415738847520616, 0.3489320487370567, 0.3470587699930504, 0.34293550105826565, 0.34510995317893056, 0.3380927275602149, 0.3434267158911972, 0.2869949696656888, 0.28889982415254783, 0.2897533248618797, 0.2987590807354639, 0.2876363090838074, 0.2861712338886564, 0.2824288909548805, 0.28266641106176627, 0.27887026101571544, 0.2841584834951572, 0.28101307853819835, 0.2852431100108636, 0.2791679245479523, 0.28303722020305655, 0.27616605861603266, 0.28051296254314445, 0.2831172431259559, 0.28016101966333135, 0.28075001116152165, 0.2699875905677755, 0.2782336500460509], "val_losses": [0.8053157658280033, 0.746837905492538, 0.6805545292669164, 0.7198081696339143, 0.6815594035277873, 0.6685532507704292, 0.6436424462175194, 0.6445940062414596, 0.6321027374267578, 0.6343394649072445, 0.6360626511346726, 0.6099848645947356, 0.6193250524779379, 0.6762388401241093, 0.6554095850235376, 0.5943849307888157, 0.6206519926860655, 0.6190601510966653, 0.6166107390127776, 0.6296382725195133, 0.6472853813590584, 0.6311052715036022, 0.663529786050538, 0.6106695176568223, 0.6375650192093063, 0.6256181008475168, 0.6187021265274439, 0.6236207801343757, 0.6308779666886661, 0.6365143297356127, 0.5979305870978386, 0.619725092514094, 0.6098254942282653, 0.6377906902718457, 0.6371724379542983, 0.611889164963048, 0.6440012249230466, 0.6571560252542461, 0.6462833547068166, 0.6273876239091922, 0.6325833071195163, 0.6665320777194403, 0.677324710328937, 0.6211454779935843, 0.6325558561108487, 0.6456058685246842, 0.6364143980815734, 0.6396469437595689, 0.6637451809055203, 0.653917232415615, 0.6493124132540636, 0.6411315465235448, 0.6297825232704917, 0.6510128826099437, 0.6142648425818363, 0.646807869712075, 0.6889776331863123, 0.6174526394854535, 0.6242725098438752, 0.6495042654184194]}