{"train_losses": [9.652506876898356, 3.260794030577511, 3.1393209678591885, 3.0916426227119937, 3.0906855064653174, 3.077711834381742, 3.0078361500352053, 3.014057169577015, 3.005926155772046, 2.997484380664028, 2.976566323037383, 2.9514261862171014, 2.937949702222991, 2.912597641201527, 2.9106251914238297, 2.9200334904311727, 2.9067358698681733, 2.8869120697558155, 2.906115298942015, 2.9011325736462843, 2.883173800602612, 2.895136002261376, 2.891325910009812, 2.92268080403143, 2.903515683743437, 2.900135814463684, 2.9552277807953695, 2.883475483506351, 2.9107590729746073, 2.8930334209036013, 2.886865773944347, 2.906261879228367, 2.9434877281406533, 2.8950469457604586, 2.890293346702373, 2.886529803729329, 2.8852796547313155, 2.8841715734721136, 2.9019565206970097, 2.8883760037077697, 2.8853651309647943, 2.8827590574329798, 2.8773142424826386, 2.9864311919919437, 2.8958404332512684, 2.8894304915526066, 2.886053876187865, 2.910269142557006, 2.8880812733798877, 2.881987239018139, 2.8802788107114146, 2.8880637308490593, 2.8870075231269285, 2.878547882943099, 2.8792273474283543, 2.873265095627353, 2.9045517259677553, 2.893601231701927, 2.885663230700185, 2.880950077586301], "train_accs": [0.06074144486692015, 0.07214828897338403, 0.08127376425855513, 0.10399239543726235, 0.13678707224334602, 0.14610266159695817, 0.1596958174904943, 0.15019011406844107, 0.15399239543726237, 0.16967680608365018, 0.14486692015209127, 0.14714828897338403, 0.15218631178707223, 0.15285171102661596, 0.14629277566539925, 0.14790874524714828, 0.15076045627376425, 0.1518060836501901, 0.1467680608365019, 0.15009505703422052, 0.1408745247148289, 0.14543726235741444, 0.14914448669201522, 0.14429657794676806, 0.14258555133079848, 0.14258555133079848, 0.15779467680608364, 0.15199619771863118, 0.14287072243346008, 0.14192015209125475, 0.14429657794676806, 0.1408745247148289, 0.14543726235741444, 0.14201520912547527, 0.1443916349809886, 0.14486692015209127, 0.1452471482889734, 0.1452471482889734, 0.14923954372623574, 0.1449619771863118, 0.1447718631178707, 0.14515209125475284, 0.148574144486692, 0.13488593155893536, 0.14334600760456273, 0.1449619771863118, 0.14515209125475284, 0.15465779467680607, 0.14543726235741444, 0.14505703422053232, 0.14515209125475284, 0.14581749049429657, 0.14011406844106464, 0.14505703422053232, 0.14486692015209127, 0.14809885931558936, 0.15275665399239544, 0.14401140684410646, 0.1452471482889734, 0.14515209125475284], "val_losses": [3.280291361160958, 3.1445003204728024, 3.088093734584035, 3.0755678638849067, 3.088626264835519, 3.051809975192913, 3.027399823713409, 3.020735393282034, 3.0084057629506678, 2.99654221534729, 3.0009695540557724, 2.9986422207413908, 3.002352284641733, 2.9862759672984778, 3.1173507815745465, 3.073265807825101, 3.0253902779390125, 3.740761646767767, 3.076328517493267, 3.1293767115586584, 3.1139324163806466, 3.2294395461645315, 3.730591376587118, 3.070529339414397, 2.9881127389342854, 2.9217132040546305, 2.9087912474549427, 2.938845952422688, 2.8866958894283576, 3.3644610023710935, 3.377291694781297, 3.214022221172307, 2.890729247010365, 2.8845722148572417, 2.884978498594798, 2.885620477842063, 2.8875305343576954, 2.8855300919250286, 2.8852154274029296, 2.884107430528161, 2.8875152871444123, 2.887680629632521, 14.61733202992675, 2.8943620671142716, 2.8873324433520007, 2.8875382590134584, 2.8910911464478763, 2.888264953744969, 2.8859197113190036, 2.885270740619481, 2.885864866231226, 3.2012009958381906, 2.885391771023417, 2.8829414670345246, 2.8874429568947027, 3.811733068920722, 2.8962937896660548, 2.892127635165684, 2.887849192098945, 2.885339873617635], "val_accs": [0.07661469933184856, 0.060133630289532294, 0.09665924276169265, 0.11804008908685969, 0.09888641425389755, 0.1443207126948775, 0.14253897550111358, 0.14120267260579064, 0.1403118040089087, 0.1354120267260579, 0.12962138084632516, 0.13452115812917595, 0.11848552338530066, 0.09665924276169265, 0.11804008908685969, 0.13229398663697103, 0.10779510022271716, 0.12115812917594655, 0.12160356347438753, 0.1242761692650334, 0.12115812917594655, 0.11358574610244988, 0.10734966592427617, 0.15055679287305124, 0.15456570155902005, 0.14164810690423163, 0.14743875278396437, 0.14565701559020044, 0.1465478841870824, 0.14610244988864143, 0.13452115812917595, 0.14966592427616926, 0.15634743875278395, 0.14610244988864143, 0.14565701559020044, 0.14521158129175946, 0.14521158129175946, 0.14610244988864143, 0.1465478841870824, 0.14521158129175946, 0.14521158129175946, 0.14565701559020044, 0.10512249443207126, 0.1492204899777283, 0.14565701559020044, 0.14565701559020044, 0.14565701559020044, 0.14565701559020044, 0.14565701559020044, 0.1465478841870824, 0.14610244988864143, 0.11581291759465479, 0.14565701559020044, 0.1443207126948775, 0.14565701559020044, 0.058797327394209356, 0.15189309576837418, 0.14565701559020044, 0.14565701559020044, 0.14565701559020044]}