{"train_losses": [2.3347462200825806, 2.0957629954239794, 1.8998615024500223, 1.7912815779779354, 1.7341422052748232, 1.690005059886108, 1.6160985840547775, 1.5798587711613552, 1.5523826419235194, 1.5139965313963981, 1.494790367497535, 1.471174612842966, 1.4466242157524734, 1.41911147822321, 1.392253791744832, 1.3822082080604212, 1.3603148452697262, 1.3524157523019906, 1.3459649392138064, 1.3209466956187887, 1.2808534252279458, 1.282949083810393, 1.281496980283521, 1.247925801274438, 1.2319935569142464, 1.219657924891267, 1.2306104705975527, 1.1941234366266924, 1.1952213691977682, 0.967078829111115, 0.9459606818495361, 0.9365974814933332, 0.9347643999348291, 0.9470895883018141, 0.912068068674895, 0.9046990556782257, 0.9045384863870606, 0.8831032252264064, 0.8780319861333914, 0.8777001621312766, 0.8605470917921151, 0.8373391227997136, 0.8527566794766517, 0.8609477213100811, 0.8385914942178936, 0.8196754049717138, 0.8050867173728213, 0.8208759926708297, 0.8170298457724211, 0.734352002646152, 0.699148795463819, 0.6786549768752791, 0.6867939307354125, 0.6634640649731011, 0.6589550542960737, 0.6534697360016434, 0.6492111110700868, 0.6451356747866426, 0.6444695228632606, 0.6349549841921636, 0.6228304933793811, 0.601409322715915, 0.6179912019687961, 0.6145646293300102, 0.5872249774343451, 0.5883109478143294, 0.5988766675740013, 0.5811817717661083, 0.5800762692554113, 0.4669945134287591, 0.4487680502016817, 0.43917188932478446, 0.4408717467279186, 0.44457864342775816, 0.42806543613752907, 0.4281803312827069, 0.42336079851749997, 0.4408879790992149, 0.44583295402341727, 0.41512431649864995, 0.41378576869015826, 0.4064902965014504, 0.4011990416434503, 0.39736167583641174, 0.4361822179443932, 0.4075121735815249, 0.4040872265637142, 0.4097367256667115, 0.4051853526006111, 0.39166676049364524, 0.4153900925241264, 0.3930026825873674, 0.3700344319807064, 0.4186824121119259, 0.4030156677037418, 0.3830808825741963, 0.3683035603411498, 0.3516321694054605, 0.3540080216469984, 0.369695888292507], "train_accs": [0.3237225235512418, 0.37893234370539536, 0.42711961176134744, 0.4518412789037968, 0.47553525549528974, 0.490493862403654, 0.5117898943762489, 0.5203539823008849, 0.5276620039965744, 0.5393091635740793, 0.542449329146446, 0.5515272623465601, 0.5567799029403369, 0.5655723665429632, 0.5733371395946332, 0.578989437624893, 0.5865258349985727, 0.5881815586640022, 0.5872680559520411, 0.6011418783899515, 0.6082786183271481, 0.6086782757636312, 0.6117613474165001, 0.6226662860405366, 0.6272908935198401, 0.6280902083928062, 0.6262632029688838, 0.6360262632029688, 0.6382529260633742, 0.6424207821866971, 0.6456180416785612, 0.649272052526406, 0.6467599200685127, 0.6417356551527262, 0.6558949471881245, 0.6597202397944619, 0.6574935769340565, 0.664801598629746, 0.671881244647445, 0.6670853554096489, 0.6730231230373965, 0.6795889237796174, 0.6757065372537825, 0.6725092777619184, 0.6783899514701685, 0.6851841278903796, 0.6896945475306879, 0.6859834427633457, 0.6879246360262632, 0.712589209249215, 0.7265201256066229, 0.7310305452469312, 0.7305737938909506, 0.735883528404225, 0.7374250642306595, 0.7378247216671424, 0.7397088210105623, 0.7391949757350842, 0.7415929203539823, 0.7455894947188124, 0.7490151298886668, 0.7548958035969169, 0.7479303454182129, 0.7494718812446475, 0.7587210962032543, 0.7603197259491864, 0.7566086211818441, 0.7608335712246646, 0.7636311732800457, 0.7621467313731087, 0.7687696260348272, 0.7709962888952326, 0.7711675706537254, 0.7699685983442763, 0.7703111618612618, 0.7767627747644876, 0.775906365972024, 0.7712817584927205, 0.7660291178989438, 0.7769911504424779, 0.7764202112475022, 0.7815015700827862, 0.7803596916928347, 0.7853839566086211, 0.7676277476448758, 0.7797316585783614, 0.7807022552098202, 0.7747073936625749, 0.7782472166714245, 0.7846988295746503, 0.7770482443619755, 0.7853268626891237, 0.7903511276049101, 0.7700256922637739, 0.7786468741079076, 0.7878389951470168, 0.7950328290037111, 0.7989723094490436, 0.7982300884955752, 0.7866971167570653], "val_losses": [2.102137724303996, 2.245895461460925, 2.061733586520299, 1.8068473732309211, 2.264320541707108, 1.6883046452700694, 1.75715767099662, 1.6887995958773652, 1.7837896456488107, 1.6619714106245935, 1.521557909410923, 1.4651543397982343, 1.6176307960481748, 1.4334546361632559, 1.396267813048046, 1.4316282673839063, 1.372451629580133, 1.387106386222361, 1.4208084896847124, 1.4376975131537522, 1.3587525575549755, 1.3967838632223732, 1.4221752011238304, 1.4634098392631139, 1.2688211342923827, 1.4418052860282407, 1.3069954132251114, 1.3403024315229568, 1.3375089781933986, 1.0778675719455366, 1.3080006565830056, 0.9561895921384935, 1.0348567294539979, 1.0271061041974245, 1.0160372805716293, 1.1653870971863958, 1.2942658775101543, 0.9867221354674682, 0.9917635672691189, 1.0150491946978604, 0.9927930656292612, 1.0655155199064648, 1.2636881669998679, 0.9642709532132746, 1.0365766562046228, 0.9318790125280563, 1.0354581202447717, 1.0542246655269976, 1.0764825135381946, 0.8582289082099827, 0.8548204699038568, 1.1381560801059876, 0.863437270176452, 0.8818158803700065, 0.9057130385374177, 0.9142268368935057, 0.9002879343574958, 0.9951439634271708, 0.8939736326567358, 0.9134322262650209, 0.9325551953607156, 0.9486270871262948, 1.0296476939089112, 0.8769563191853939, 0.9232608589898245, 0.8611381253083928, 0.8578136631543394, 0.8741473986811723, 0.8839256414133992, 0.8039857299289036, 0.861204090008966, 0.7318364607991935, 0.8336293418025029, 0.8552204776771043, 0.7742978285750549, 0.8129822714728994, 0.8159973947786159, 0.857198972271893, 0.7903460934857607, 0.7853890154436171, 0.7547859142136504, 0.7808788113508792, 0.9072665386846424, 0.874638321369783, 0.7769274321243799, 0.8013564499340154, 0.7917553634047986, 0.7492609694699526, 0.8115121921857962, 0.7697969466042194, 0.9251240321658979, 0.7822232861693204, 0.8200316821094001, 0.8538080043146252, 0.7684938614929012, 0.8777113431671444, 0.8514458305332417, 0.7949143364043245, 0.822883686766104, 0.8147172532719168],