{"train_losses": [1.910477432495651, 1.5013517819062614, 1.4312289073932971, 1.389086453629652, 1.3612819704995558, 1.337286523757801, 1.3253898648409386, 1.3094864308660301, 1.2950340165341214, 1.288115095466636, 1.282441217072156, 1.2711227850733275, 1.2697237643139008, 1.2674063802112991, 1.2615199742442318, 1.2555170809909832, 1.2577452367665816, 1.2525060114290554, 1.247041324137251, 1.2478977653792578, 1.2489569833605352, 1.2366423759794096, 1.246968497340255, 1.2438706517567093, 1.2448209534581132, 1.2440309051869562, 1.2389916817578908, 1.239947686042452, 1.2414632886213741, 1.2128687266358134, 1.2037113122967866, 1.204279674385449, 1.198129086730779, 1.1948309194937392, 1.20101557806699, 1.198032589069956, 1.1906089435165894, 1.1936688770705688, 1.194942149059418, 1.1921360444049447, 1.1916731425694056, 1.1934275557626441, 1.196583813202972, 1.1920267291388775, 1.191927617909957, 1.1877490897220355, 1.191308494211981, 1.1920132039239733, 1.1927961038083446, 1.1830990752395318, 1.2056814769266646, 1.191613718650084, 1.1795737291564052, 1.1946673657386713, 1.1827467898933255, 1.1841033832672385, 1.1802452660163012, 1.1868914682037977, 1.1870895154969685, 1.1866599700193712], "train_accs": [0.7981505102040817, 0.8215880102040817, 0.8419961734693877, 0.8541135204081632, 0.8547512755102041, 0.8700573979591837, 0.8778698979591837, 0.8730867346938775, 0.8861607142857143, 0.8745216836734694, 0.8808992346938775, 0.8756377551020408, 0.8773915816326531, 0.8781887755102041, 0.8872767857142857, 0.8845663265306123, 0.8899872448979592, 0.8928571428571429, 0.8860012755102041, 0.8896683673469388, 0.8864795918367347, 0.8875956632653061, 0.8863201530612245, 0.8708545918367347, 0.8743622448979592, 0.884406887755102, 0.8729272959183674, 0.8949298469387755, 0.8960459183673469, 0.9072066326530612, 0.9175701530612245, 0.9175701530612245, 0.9119897959183674, 0.9167729591836735, 0.9231505102040817, 0.8997130102040817, 0.9083227040816326, 0.9135841836734694, 0.9209183673469388, 0.9059311224489796, 0.9194834183673469, 0.9154974489795918, 0.8923788265306123, 0.9139030612244898, 0.9162946428571429, 0.9044961734693877, 0.9217155612244898, 0.9193239795918368, 0.9196428571428571, 0.8837691326530612, 0.9162946428571429, 0.9178890306122449, 0.9075255102040817, 0.9083227040816326, 0.9180484693877551, 0.9257015306122449, 0.9172512755102041, 0.9091198979591837, 0.9285714285714286, 0.9201211734693877], "val_accs": [0.71328125, 0.71328125, 0.72578125, 0.7328125, 0.7265625, 0.74296875, 0.73828125, 0.74453125, 0.7484375, 0.738671875, 0.74140625, 0.7546875, 0.75078125, 0.737890625, 0.74609375, 0.7640625, 0.754296875, 0.748046875, 0.754296875, 0.76171875, 0.7484375, 0.7578125, 0.755078125, 0.74921875, 0.745703125, 0.7359375, 0.744921875, 0.764453125, 0.75234375, 0.748828125, 0.774609375, 0.761328125, 0.775390625, 0.767578125, 0.773046875, 0.769921875, 0.765625, 0.776171875, 0.783203125, 0.776171875, 0.765625, 0.75859375, 0.75078125, 0.766796875, 0.766796875, 0.76875, 0.774609375, 0.775390625, 0.778125, 0.759765625, 0.756640625, 0.784375, 0.79296875, 0.771875, 0.7703125, 0.755078125, 0.774609375, 0.769140625, 0.773046875, 0.771875]}