{"train_losses": [0.9610269648118452, 0.7406414832722057, 0.6251930673946033, 0.5698399505268443, 0.5332354632984508, 0.506516524366899, 0.487076832112399, 0.47418089095028965, 0.4661181818008423, 0.46151735038757324, 0.4552676528237083, 0.4488775654359297, 0.4433367507240989, 0.44403990807966753, 0.4350287194858898, 0.4354309538927945, 0.43214526275287973, 0.42597934556440875, 0.42706282092007725, 0.42461167966669255, 0.42259833226637405, 0.41899156079725786, 0.4203553998600353, 0.4147925817836415, 0.3732260920437899, 0.37144424083016137, 0.3709953151182695, 0.367052047105269, 0.3632548650568182, 0.3654049751108343, 0.3602288186680187, 0.3637774884484031, 0.3592222594347867, 0.3591574085929177, 0.36274316987124355, 0.35628849652030253, 0.3596353425112638, 0.35624241593967787, 0.35595308371457185, 0.355442576824535], "train_accs": [0.6597857700219905, 0.7635667163226219, 0.7760516421933745, 0.7953465276299923, 0.7862665815421721, 0.8108108108108109, 0.8093211321557778, 0.8133645456480102, 0.8060580265304674, 0.8153507838547208, 0.8164857771156984, 0.8159182804852096, 0.8133645456480102, 0.8291835142228843, 0.8200326310562531, 0.813932042278499, 0.8098176917074554, 0.8243597928637298, 0.8247854153365964, 0.8245726041001632, 0.8072639568702561, 0.8179754557707314, 0.8293963254593176, 0.8227991771298858, 0.8415975030148258, 0.8461374760587359, 0.8521671277576789, 0.8489749592111797, 0.8535149322550898, 0.8496133929204795, 0.8598992693480882, 0.8530183727034121, 0.8359934737887493, 0.8474143434773356, 0.8525927502305455, 0.8525218131517344, 0.8571327232744556, 0.8535149322550898, 0.8595445839540328, 0.8584095906930552], "val_accs": [0.5169098143236074, 0.6621352785145889, 0.6820291777188329, 0.7059018567639257, 0.6909814323607427, 0.6992705570291777, 0.7002652519893899, 0.6999336870026526, 0.6886604774535809, 0.7032493368700266, 0.7151856763925729, 0.7029177718832891, 0.7045755968169761, 0.7181697612732095, 0.7039124668435013, 0.6886604774535809, 0.696949602122016, 0.7059018567639257, 0.7125331564986738, 0.7151856763925729, 0.6899867374005305, 0.7145225464190982, 0.7112068965517241, 0.7068965517241379, 0.7042440318302388, 0.7125331564986738, 0.7214854111405835, 0.7065649867374005, 0.7201591511936339, 0.7204907161803713, 0.7264588859416445, 0.7254641909814323, 0.7012599469496021, 0.7244694960212201, 0.7208222811671088, 0.7151856763925729, 0.7145225464190982, 0.7204907161803713, 0.7244694960212201, 0.730106100795756]}