{"train_losses": [1.0013556576468727, 0.8841608108520508, 0.7030609084736217, 0.6206098858399824, 0.5742661369497126, 0.539068288525668, 0.5187036637392911, 0.5017669676520607, 0.4855387553648515, 0.47353008672540836, 0.4648472582210194, 0.4592305522918701, 0.4537677580573342, 0.4497677759690718, 0.4448926699378274, 0.44040687456997957, 0.4400392208446156, 0.43514082280939276, 0.42895318962443957, 0.42726458220048386, 0.42580097699598835, 0.42258518974997783, 0.4233785401951183, 0.42078705787658693, 0.3733515288439664, 0.37125493465770376, 0.3681373682022095, 0.36593765820589935, 0.3646229705463756, 0.36195924106944694, 0.3595256433660334, 0.3597841733065518, 0.3591162882371382, 0.3561221212387085, 0.35603770015889946, 0.35774327817396684, 0.3539863735545765, 0.3565424471768466, 0.3598963929263028, 0.35208677380301734, 1.616988575418731, 1.408254142745502, 1.3586637346359165, 1.3338666962520043, 1.309152304499486, 1.2915901656277202, 1.2799929927512643, 1.2704279501636986, 1.262892609114315, 1.25487214961419, 1.248310841958559, 1.2464423360789674, 1.2438917534130416, 1.238144263451531, 1.2372121135379663, 1.2429188535374212, 1.2398556733433632, 1.2324062289650646, 1.2297038867374788, 1.2276765027500456, 1.2266950437109791, 1.2287823730069387, 1.2273491783585202, 1.2260850715650762, 1.2214002104466168, 1.2268766239904807, 1.2223866433561823, 1.2245576170486456, 1.2210043895231038, 1.221387981800685, 1.222144888246939, 1.2193559029802161, 1.220054261379248, 1.2223939230622358, 1.2222669195207514, 1.2322257138190311, 1.2274926092179557, 1.2229105060142085, 1.2246174548735158, 1.2127337837619243, 1.2029433227873336, 1.2013987090586005, 1.1988038374071335, 1.195827079628077, 1.1969647571233741, 1.1939454862416403, 1.1948941733447882, 1.1913891155746523, 1.192479092118277, 1.192514367537065, 1.190239399447031, 1.188653377349758, 1.1901444430712318, 1.1891404532166179, 1.1901208322098102, 1.1857224272895077, 1.1882792015315788, 1.1886756139538364, 1.1861038590304493, 1.1879002006143948, 1.1850377433250878, 1.1860183106944813, 1.1866707285481088, 1.1840402609927483, 1.1851581736018648, 1.1806458320084787, 1.1830434617861656, 1.1829228493750779, 1.1819205387974108, 1.183249733073148, 1.1811626898686363, 1.1793626049681551, 1.1799631343491361, 1.178435456843479, 1.1773450569817119, 1.177943764945969, 1.1762259556279795, 1.177676984688641, 1.1769266156003906, 1.1779747195069061], "train_accs": [0.5124494573313471, 0.6890118464921614, 0.7627154713768887, 0.7645598354259772, 0.7803078669220401, 0.7864793927786053, 0.7987515074129248, 0.801234305171313, 0.8039299141661347, 0.78094630063134, 0.8052777186635455, 0.8015889905653685, 0.8103851883379443, 0.805632404057601, 0.819252323189331, 0.8202454422926864, 0.817691707455487, 0.8264879052280627, 0.809392069234589, 0.8197488827410088, 0.8212385613960417, 0.8267007164644959, 0.8248563524154076, 0.8326594310846279, 0.8490458962899908, 0.8475562176349578, 0.8483365255018799, 0.8413846917783926, 0.8451443569553806, 0.851528694048379, 0.8500390153933461, 0.844718734482514, 0.8501808895509683, 0.8496133929204795, 0.8574164715896999, 0.8557139816982336, 0.8547917996736895, 0.8615308221607434, 0.8540824288855785, 0.8435837412215365, 0.7690998084698872, 0.7886075051429382, 0.7981130737036248, 0.8076186422643116, 0.8103142512591331, 0.817691707455487, 0.8286160175923956, 0.8313116265872171, 0.8342200468184721, 0.8320209973753281, 0.8399659502021707, 0.8464212243739803, 0.8332269277151166, 0.8339362985032276, 0.8291835142228843, 0.8291835142228843, 0.8294672625381286, 0.8391147052564375, 0.8304603816414841, 0.8307441299567284, 0.8346456692913385, 0.8381925232318933, 0.8373412782861602, 0.8360644108675604, 0.8386181457047599, 0.8323047456905724, 0.8392565794140597, 0.8281194580407178, 0.8352841030006384, 0.8381925232318933, 0.8318081861388948, 0.836490033340427, 0.8329431793998723, 0.8338653614244166, 0.8403206355962262, 0.8291125771440732, 0.8280485209619068, 0.8315953749024615, 0.8343619209760942, 0.8439384266155919, 0.8464921614527914, 0.8429453075122366, 0.8449315457189472, 0.8503227637085905, 0.8408171951479038, 0.8466340356104136, 0.8479109030290133, 0.8533021210186564, 0.847769028871391, 0.8516705682060013, 0.8476271547137689, 0.8501099524721571, 0.8506065120238349, 0.8580549052989997, 0.8490458962899908, 0.8508902603390792, 0.8560686670922891, 0.8541533659643896, 0.8547917996736895, 0.859757395190466, 0.8552883592253671, 0.8555721075406115, 0.8561396041711002, 0.8579130311413776, 0.855997730013478, 0.8524508760729234, 0.8589061502447329, 0.855217422146556, 0.8626658154217209, 0.8586933390082996, 0.863446123288643, 0.8601120805845215, 0.860466765978577, 0.8616017592395545, 0.8657870468894091, 0.8613889480031213, 0.8627367525005321, 0.8677023480173086, 0.8693339008299639, 0.8640845569979428], "val_accs": [0.34714854111405835, 0.5543766578249337, 0.649867374005305, 0.6604774535809018, 0.6889920424403183, 0.6833554376657824, 0.6883289124668435, 0.6949602122015915, 0.6999336870026526, 0.6760610079575596, 0.6866710875331565, 0.6946286472148541, 0.7175066312997348, 0.6840185676392573, 0.6982758620689655, 0.6992705570291777, 0.7005968169761273, 0.7049071618037135, 0.6863395225464191, 0.705238726790451, 0.7178381962864722, 0.7095490716180372, 0.7141909814323607, 0.7105437665782494, 0.7198275862068966, 0.7148541114058355, 0.7108753315649867, 0.7029177718832891, 0.7158488063660478, 0.7095490716180372, 0.7125331564986738, 0.7035809018567639, 0.7092175066312998, 0.7165119363395226, 0.71684350132626, 0.7198275862068966, 0.7244694960212201, 0.7204907161803713, 0.726790450928382, 0.7211538461538461, 0.661472148541114, 0.669761273209549, 0.6982758620689655, 0.7062334217506632, 0.7032493368700266, 0.7151856763925729, 0.7165119363395226, 0.713527851458886, 0.7261273209549072, 0.7274535809018567, 0.7403846153846154, 0.7410477453580901, 0.7340848806366048, 0.7287798408488063, 0.7224801061007957, 0.7357427055702918, 0.7257957559681698, 0.736737400530504, 0.730106100795756, 0.7354111405835544, 0.7324270557029178, 0.7420424403183024, 0.7407161803713528, 0.7360742705570292, 0.7453580901856764, 0.7155172413793104, 0.7496684350132626, 0.7314323607427056, 0.7513262599469496, 0.7360742705570292, 0.735079575596817, 0.7311007957559682, 0.7370689655172413, 0.736737400530504, 0.7602785145888594, 0.7407161803713528, 0.7324270557029178, 0.736737400530504, 0.7208222811671088, 0.7493368700265252, 0.75, 0.7390583554376657, 0.75, 0.741710875331565, 0.7430371352785146, 0.7420424403183024, 0.7503315649867374, 0.7446949602122016, 0.7529840848806366, 0.7443633952254642, 0.7423740053050398, 0.745026525198939, 0.7473474801061007, 0.7586206896551724, 0.7453580901856764, 0.7427055702917772, 0.7456896551724138, 0.7460212201591512, 0.7470159151193634, 0.763262599469496, 0.7536472148541115, 0.7609416445623343, 0.7589522546419099, 0.7639257294429708, 0.7609416445623343, 0.7493368700265252, 0.7523209549071618, 0.7476790450928382, 0.7569628647214854, 0.756631299734748, 0.7728779840848806, 0.7539787798408488, 0.7556366047745358, 0.7672413793103449, 0.7645888594164456, 0.7606100795755968, 0.7579575596816976, 0.7675729442970822, 0.7606100795755968, 0.7543103448275862]}