{"train_losses": [2.328148196902644, 2.0532341960359224, 1.9431955292603986, 1.8560923320853027, 1.7625761813856076, 1.6979824816401332, 1.6523472661057304, 1.610284381779881, 1.5645936520889832, 1.5425788521868755, 1.523361823547237, 1.4945712089470513, 1.483500073931403, 1.4456216357824907, 1.4410487461185373, 1.4156955093238954, 1.4046172455518953, 1.3847630715867025, 1.3732211925491347, 1.1214177638436942, 1.109952990252598, 1.0882323523300088, 1.0812941264330302, 1.0551075146125448, 1.041842130718999, 1.1557558777466386, 1.1040084472289264, 1.0405077056547183, 1.035103545374711, 1.0099573144666338, 1.009320436958718, 0.9967134013095652, 0.9951757486500197, 0.9662777004124878, 0.9786831086919949, 0.9399798410945438, 0.9481669206058438, 0.9656888748147711, 0.9509113247177446, 0.9350789348840237, 0.9310694892441175, 0.9172073846914208, 0.9066998384082586, 0.9072083401537064, 0.8885027854911538, 0.8701057296700386, 0.875364595428726, 0.8750074024170492, 0.8808345156467339, 0.8747378625360652, 0.8753075775812941, 0.9373948851279656, 0.8543280201063066, 0.8525263409562837, 0.8337781142242425, 0.8443759936759583, 0.9038283264368151, 0.8500192267296487, 0.8252754149830345, 0.6295574188810943, 0.5869962996936954, 0.5776237544896362, 0.5530395864385419, 0.5669536602503907, 0.5490120628000564, 0.5435321191940994, 0.5837092313295495, 0.5683333749264743, 0.5268224896378698, 0.5362463065940177, 0.5279398671974294, 0.5149363494892648, 0.5174916306496211, 0.5244674114714069, 0.5160292156587285, 0.5022458949294595, 0.505269891985001, 0.49429841330144664, 0.47426526354205223, 0.47904989307279966, 0.4969549686712025, 0.46568745245022874, 0.47748762905648734, 0.46311460588613373, 0.45204069278528103, 0.47684584363950444, 0.4697030060688768, 0.4844614005279378, 0.4486047445111298, 0.4466415971509055, 0.4425595969225453, 0.42151799843953125, 0.44340909352276686, 0.4264091803079464, 0.4402563038618946, 0.42452226035124635, 0.43387261785815656, 0.428275596363831, 0.427729604678463, 0.35469026118049], "train_accs": [0.31824150727947476, 0.3898943762489295, 0.41650014273479874, 0.44818726805595205, 0.47622038252926063, 0.4909506137596346, 0.5051669997145304, 0.5147016842706251, 0.5305737938909506, 0.5382243791036254, 0.5429060805024265, 0.5482729089351984, 0.5539252069654582, 0.5630602340850699, 0.5688267199543249, 0.571338852412218, 0.5812731944047959, 0.5841278903796746, 0.5817299457607765, 0.5954895803596917, 0.5962888952326577, 0.5984013702540679, 0.5996574364830145, 0.611247502141022, 0.6102769055095633, 0.5782472166714245, 0.5946902654867257, 0.6139880102769055, 0.6162146731373109, 0.6266057664858693, 0.6208963745361119, 0.6312303739651727, 0.6282614901512988, 0.635341136168998, 0.6309449043676848, 0.6451612903225806, 0.6422495004282044, 0.6396802740508136, 0.638024550385384, 0.6479588923779618, 0.644990008564088, 0.6524693120182701, 0.6585783614045104, 0.657836140451042, 0.6625749357693406, 0.6674279189266343, 0.6674279189266343, 0.6634313445618042, 0.6677133885241222, 0.669083642592064, 0.6698258635455324, 0.6413359977162432, 0.6759920068512704, 0.6727376534399087, 0.681130459606052, 0.676848415643734, 0.6582928918070226, 0.6734798743933771, 0.6782757636311733, 0.7020839280616614, 0.7164715957750499, 0.7173850984870112, 0.7286896945475307, 0.7221238938053097, 0.7261775620896375, 0.7316585783614045, 0.7204110762203826, 0.7162432200970597, 0.7326862689123609, 0.7351413074507565, 0.7367970311161861, 0.7390236939765915, 0.7381672851841279, 0.7349129317727662, 0.7380530973451327, 0.741364544675992, 0.7433628318584071, 0.7435912075363974, 0.7496431630031402, 0.7473023123037397, 0.7443334284898658, 0.7504995717956038, 0.7479874393377105, 0.7500999143591207, 0.7591207536397374, 0.7467884670282615, 0.7532400799314873, 0.7420496717099629, 0.7599200685127034, 0.760376819868684, 0.7602055381101913, 0.7656865543819583, 0.7579217813302883, 0.76306023408507, 0.7598058806737082, 0.7655152726234656, 0.7630031401655724, 0.7636882671995433, 0.7602626320296888, 0.7531258920924921], "val_losses": [2.0540597296282868, 1.8901763326300283, 1.8456736611212798, 1.884815393144492, 1.7104292979137339, 1.6379954790731797, 1.6576861502298967, 1.538527054248379, 1.59910226269089, 1.4973989801149798, 1.4918555637534727, 1.5525173387560554, 1.460271070377013, 1.502309909400095, 1.415135689280591, 1.4241474944812824, 1.4166461181284302, 1.4633997184039753, 1.3499853871872116, 1.0993723002057856, 1.1141602986648556, 1.1069154216984223, 1.110122462097791, 1.346119508636389, 1.1158287203849586, 1.2940663024524641, 1.2478484030815962, 1.1120751558827628, 1.0136969907143163, 1.032345421956258, 1.0873062509455806, 1.1480394514968053, 1.0586179299198026, 1.0194950119030772, 1.0931448463697513, 1.2164209310869105, 1.0794077527850732, 1.0940715075493623, 1.028357251154317, 1.029000150257026, 1.2199310592756227, 1.0061934461331477, 1.0786406784525928, 1.0206631868401623, 0.9640624007130102, 0.9798952110423894, 0.9944722716700786, 1.0107641942284094, 1.1592341094199008, 0.9496184381001912, 1.2605138775632323, 0.9420307309970495, 0.996237851919923, 0.9610853514608969, 0.9476079027717006, 0.9780677822007158, 1.0461728301148814, 1.026627911164788, 0.9850420537617227, 0.7516077940451931, 0.806599828571455, 0.756781271816668, 0.7667972660395569, 0.7852483447914541, 0.8024137345892542, 0.7595616652547502, 0.8441887596686236, 0.7746207369210595, 0.7698445512925843, 0.7786135475318019, 0.7677572132397691, 0.7904875264474478, 0.8445475882837414, 0.792608735082243, 0.7635890841961289, 0.7790876851897575, 0.7576456437404868, 0.7883672403086653, 0.7933543424209277, 0.8072462825734423, 0.786815194374789, 0.8285602465737238, 0.7746341855550786, 0.791976505704075, 0.8112381912722154, 0.8735951497963915, 0.8202045372017931, 0.8479791649634405, 0.8311373563267117, 0.7943559537291495, 0.8034364028647641, 0.8282704570308062, 0.8585387328035646, 0.8355935826313028, 0.8153412490009403, 0.8505522942651199, 0.8313572937118107, 0.9053660960460873, 0.8879725737097043, 0.7021838082037896],