{"train_losses": [0.8482105214045598, 0.7782500822279188, 0.7351881701477573, 0.6999883831056775, 0.6761330710517035, 0.6624680315979525, 0.6408546504485302, 0.6226939161903838, 0.6122495329441169, 0.6008987152230026, 0.5885534813709749, 0.6094268144460825, 0.5765667131864107, 0.5715917795947474, 0.5625342910636184, 0.5598225356860038, 0.5518681676163633, 0.5488693266648512, 0.5513595653436123, 0.5441576513306707, 0.537965218894502, 0.5365394052684817, 0.5303646757663825, 0.5325716239407531, 0.5301431969210633, 0.5252177386813693, 0.5272882242447291, 0.531732241736518, 0.5204196810926127, 0.5179440820808084, 0.5165324651930068, 0.5175029094076564, 0.5117549113086146, 0.5164527213267791, 0.5132078117631439, 0.5143891241937621, 0.5103844142489963, 0.5047377899039505, 0.5070056704007663, 0.508874937041193, 0.5023424210181603, 0.5086647654150286, 0.5030646593142778, 0.5030659863398625, 0.5017382008805235, 0.5000280535445254, 0.5029503415425618, 0.4999055710816995, 0.5004297342218904, 0.5007155444805439, 0.5006104859246148, 0.500136044983171, 0.4977739554185134, 0.49406942921825964, 0.49726704987093934, 0.4946235550122383, 0.49725336296538003, 0.5012528265602568, 0.496067379291241, 0.4943553888695872], "val_losses": [0.8091568453970798, 0.825470033520647, 0.7433555207429109, 0.7384693100106003, 0.7251679960071531, 0.7310282352371433, 0.6965328094830201, 0.6992281548046319, 0.7073504143087272, 0.6911538226787861, 0.6818770721087768, 0.6663727119641426, 0.6695224983671791, 0.6669533836603844, 0.678852527977055, 0.6928020077349454, 0.6629138826984285, 0.6701138412171279, 0.656766586303711, 0.6646818716369802, 0.7050218285454644, 0.6814292381699608, 0.6697130332577262, 0.7225953022231404, 0.6898348679501786, 0.6780803960816473, 0.6637038825923561, 0.665899902082916, 0.6785663867743946, 0.6938215263344963, 0.6598246795567352, 0.6494932147512409, 0.6888403987612819, 0.6839090852655916, 0.6822924676444116, 0.6741679782269687, 0.6633736374031785, 0.682781331858404, 0.685668458857088, 0.679062744531876, 0.6735950819922988, 0.663042319751533, 0.6707905280827797, 0.6655637142257473, 0.6482594890540142, 0.6481926351259237, 0.6534789543477898, 0.6669178350291021, 0.6564178997159343, 0.675134985508063, 0.6612518304026025, 0.6577832565959703, 0.6553480010290771, 0.6634344319400625, 0.6550211082088981, 0.671632342868381, 0.661690332570307, 0.6469008306084875, 0.6627063325191834, 0.7345352579317881]}