{"train_losses": [1.014310081263951, 0.970647618640718, 0.8764169383021764, 0.7768344300478981, 0.7251552312360491, 0.69527814679827, 0.6685565032087054, 0.6419798558989025, 0.6213444750395275, 0.6034664220900763, 0.5860306852213542, 0.5728385194905599, 0.558782341889881, 0.5497055072893415, 0.5394973486618768, 0.5306689646984282, 0.5244534553455171, 0.5194856996372768, 0.515716947631836, 0.4673039165387835, 0.45917664233979727, 0.45452256219773063, 0.4472588839576358, 0.44359253743489585, 0.4389330296107701, 0.44087669741675967, 0.4399106581624349, 0.4318147588530041, 0.42994156924293153, 0.4285210425676618, 0.42558527951195124, 0.42364194309779574, 0.4189435048421224, 0.42135565775553385, 0.4191426534016927, 1.5787694513230097, 1.4099686286562965, 1.3952747344970704, 1.3814616938999722, 1.3525742630731492, 1.3432208815075102, 1.3512454423450289, 1.3654179890950522, 1.3618306114560081, 1.3533821323939732, 1.3521538798014323, 1.3378288014729818, 1.340910795302618, 1.3545707212175642, 1.3471540305728005, 1.3620816385178338, 1.362026156470889, 1.3519945725940523, 1.3360122499011813, 1.338395236787342, 1.3518679900396438, 1.373575490315755, 1.3635872395833333, 1.3560907309395926, 1.35267027537028, 1.3628524907430013, 1.3405942299252465, 1.358093505132766, 1.3685564549763998, 1.3630926095871698, 1.352463146391369, 1.3328890954880488, 1.3378953098115467, 1.3365336954025995, 1.330499676295689, 1.3512518237885975, 1.3478874878656297, 1.3485531289236887, 1.345790410723005, 1.352964132399786, 1.3556866709391275, 1.353128683907645, 1.3634488587152391, 1.3479662177676246, 1.3513373311360677, 1.35032470703125, 1.3408877436319988, 1.3314036578223818, 1.3334815724690756, 1.3217226973034086, 1.308968731108166, 1.3093253617059617, 1.3056379572550456, 1.3073194485618955, 1.3054414494832356, 1.3046287173316593, 1.3061264964512416, 1.3054721414475214, 1.2995959763299851, 1.306850327991304, 1.2996526300339473, 1.2987565630958193, 1.298124767485119, 1.3062160019647509, 1.3013378125145323, 1.2923177791777112, 1.2980972453526087, 1.300621090843564, 1.3010349455333892, 1.3039667801629928, 1.3003827848888578, 1.3070925303867884, 1.2994611358642578, 1.296949699038551, 1.299296778724307, 1.2935581915719168, 1.2993119412376768, 1.302232282729376, 1.3017995997837613, 1.305482757205055], "train_accs": [0.5904463123002249, 0.6157215579495678, 0.7566591689357168, 0.7800994435894401, 0.7834142299041079, 0.7746537232153428, 0.7789747839469634, 0.7801586362022019, 0.7806913697170593, 0.7820527998105836, 0.790754113886587, 0.779329939623535, 0.7951343672309695, 0.7986859239966853, 0.8008760506688766, 0.794009707588493, 0.7952527524564934, 0.8059074227536404, 0.8024150586006866, 0.8123002249319285, 0.8238427844205043, 0.8161477447614538, 0.828992541730792, 0.8253225997395525, 0.8156742038593584, 0.8317745945306025, 0.8243163253225997, 0.825796140641648, 0.8179827157570735, 0.8239611696460282, 0.8269799928968865, 0.829051734343554, 0.8260921037054576, 0.8262696815437434, 0.8309458979519356, 0.6704747247543507, 0.6913105244465491, 0.6726056588137801, 0.6756836746774003, 0.6910145613827394, 0.6997158754587427, 0.688942819936072, 0.689771516514739, 0.6911921392210252, 0.6735527406179709, 0.6939149994080739, 0.6859239966852136, 0.7010181129395051, 0.6943293476974074, 0.688942819936072, 0.6792944240558778, 0.6863975375873091, 0.6993607197821712, 0.6869894637149284, 0.6785249200899728, 0.6727240440393039, 0.6374452468331953, 0.6684621759204451, 0.6684621759204451, 0.6633124186101574, 0.6746182076476855, 0.6629572629335859, 0.6688765242097786, 0.6491061915472949, 0.651473896057772, 0.6424174263051972, 0.6610630993252042, 0.6649698117674914, 0.6589913578785368, 0.6627796850953, 0.6434828933349118, 0.656386882917012, 0.6536640227299633, 0.6492837693855806, 0.6356102758375755, 0.6473304131644371, 0.6308156742038593, 0.6496389250621523, 0.6430093524328164, 0.6373860542204333, 0.641647922339292, 0.6380963655735764, 0.6423582336924352, 0.6528353261512964, 0.641647922339292, 0.6499348881259619, 0.6466201018112939, 0.6430093524328164, 0.6549662602107257, 0.6610039067124422, 0.6440748194625311, 0.6472712205516752, 0.6542559488575825, 0.6402864922457677, 0.6377412098970049, 0.6484550728069137, 0.6502308511897715, 0.6345448088078608, 0.632709837812241, 0.6515330886705339, 0.6419438854031017, 0.6421806558541494, 0.636853320705576, 0.6356694684503374, 0.645791405232627, 0.6562093050787262, 0.6614774476145378, 0.6523617852492009, 0.6518290517343436, 0.6455546347815793, 0.6478039540665325, 0.6298685923996685, 0.6310524446549071, 0.6377412098970049, 0.6566236533680596], "val_accs": [0.4497754667927204, 0.46206570550697235, 0.645710233987237, 0.6617820846135666, 0.6613093831245569, 0.6707634129047506, 0.6830536516190026, 0.674781375561333, 0.6721815173717797, 0.6705270621602458, 0.6863625620420705, 0.6686362562042071, 0.6719451666272749, 0.680926494918459, 0.6839990545970219, 0.6903805246986529, 0.6771448830063814, 0.6910895769321673, 0.6865989127865753, 0.6870716142755849, 0.6941621366107303, 0.6910895769321673, 0.696289293311274, 0.6894351217206334, 0.6922713306546916, 0.691562278421177, 0.6936894351217207, 0.6913259276766722, 0.693216733632711, 0.6934530843772158, 0.6943984873552351, 0.7010163082013708, 0.6882533679981092, 0.6951075395887497, 0.7031434649019145, 0.5265894587567951, 0.5584968092649492, 0.5365161900259986, 0.5490427794847553, 0.5726778539352398, 0.5566060033089104, 0.5521153391633183, 0.5554242495863861, 0.5537697943748523, 0.5391160482155519, 0.5558969510753959, 0.5577877570314347, 0.5769321673363271, 0.5802410777593949, 0.5563696525644056, 0.551169936185299, 0.5589695107539588, 0.5788229732923659, 0.5627511226660364, 0.5485700779957456, 0.5478610257622312, 0.48499172772394233, 0.5310801229023872, 0.5322618766249114, 0.5164263767430868, 0.5490427794847553, 0.5346253840699599, 0.5308437721578823, 0.5180808319546206, 0.5209170408886789, 0.5048451902623493, 0.5244623020562514, 0.5376979437485228, 0.5157173245095722, 0.5242259513117467, 0.502245332072796, 0.523753249822737, 0.5131174663200189, 0.5135901678090286, 0.508390451429922, 0.5029543843063106, 0.48782793665800045, 0.5109903096194753, 0.5012999290947766, 0.4937367052706216, 0.5012999290947766, 0.5064996454738833, 0.5079177499409123, 0.510044906641456, 0.5034270857953203, 0.5133538170645238, 0.5076813991964074, 0.5003545261167572, 0.5173717797211062, 0.522098794611203, 0.5081541006854171, 0.5001181753722524, 0.5133538170645238, 0.511463011108485, 0.5024816828173009, 0.5135901678090286, 0.5064996454738833, 0.48286457102339875, 0.49610021271567006, 0.506972346962893, 0.4996454738832427, 0.4972819664381943, 0.5031907350508155, 0.5055542424958639, 0.5133538170645238, 0.5209170408886789, 0.5355707870479792, 0.5270621602458048, 0.5235168990782321, 0.5161900259985819, 0.5116993618529898, 0.5036634365398251, 0.4920822500590877, 0.508390451429922, 0.5185535334436303]}