{"train_losses": [0.9199728146870931, 0.823177496846517, 0.7694695180257162, 0.7341602490743001, 0.7031200313991971, 0.675752722507053, 0.6493257317437066, 0.6254678031921387, 0.6060095016055637, 0.5869433579762777, 0.5766821981641981, 0.5620395975748698, 0.5576470222897, 0.5453516543918185, 0.537541259680854, 0.5289697173224555, 0.5235700049506293, 0.5185513763427735, 0.5128751618279351, 0.5134532610575359, 0.5091934190114339, 0.5050793098449707, 0.5011106210072835, 0.4982528352101644, 0.49700634045071074, 0.4942688408321804, 0.4928798915439182, 0.4897920849694146, 0.4841743729485406, 0.4869240364498562, 0.48612856729295517, 0.4830113660176595, 0.48022514979044595, 0.47875265350341795, 0.47760378210279675, 0.4801434196472168, 0.47423967276679146, 0.4738399982876248, 0.4714699935913086, 0.47189661144680445, 0.46767553816901314, 0.4704918470170763, 0.4692477326287164, 0.469363536283705, 0.4690121155632867, 0.4615197510613335, 0.46427454596625434, 0.46404024759928386, 0.465910992219713, 0.4609471132066515, 0.4570789541456434, 0.46224224484761556, 0.45805908686319985, 0.4582159138997396, 0.456207425265842, 0.4547873514387343, 0.4560923970540365, 0.45246418401930066, 0.4534752170562744, 0.4564364276038276], "val_losses": [0.9222076074105722, 0.8110485455548322, 0.7838315887451172, 0.7726660698784722, 0.7528219994439019, 0.7258036202324761, 0.745236321343316, 0.7041131156638817, 0.7140724396882234, 0.6903149139969437, 0.6991674779256185, 0.712765047426577, 0.6860514416164822, 0.7090838987562391, 0.7327884004380968, 0.7093051687169958, 0.6943810088546187, 0.6886332843921803, 0.6858919964543095, 0.6954679946899414, 0.6874734790943287, 0.6793048550641095, 0.6801062800089518, 0.6940205965395327, 0.6975443233913845, 0.688232187906901, 0.7078397742377387, 0.6882132760507089, 0.7091666047837999, 0.6978549796210395, 0.6958882045039424, 0.714459593878852, 0.7231406882957175, 0.7121297446356879, 0.6936094159726743, 0.6964892510308159, 0.6799016963817455, 0.7221436482182255, 0.6805447933055736, 0.685621260466399, 0.6920559313738788, 0.6655933414035373, 0.6743204941926179, 0.6780128970675998, 0.686324427569354, 0.6687853975649233, 0.6817179590861002, 0.6956016981336806, 0.7147965308295355, 0.6722837606359411, 0.6987066687124747, 0.6848763546413845, 0.7035048777262369, 0.7065702322500723, 0.6800609845761899, 0.6921903214631258, 0.673091808742947, 0.6989667717262551, 0.6932426195497866, 0.6958246038931387]}