{"train_losses": [0.8393902215705347, 0.7010532624582765, 0.64653533434994, 0.6165612843427708, 0.5911398911652742, 0.5691646443523427, 0.5452434121591073, 0.522161332670343, 0.506892073616149, 0.4869865120781793, 0.47398946174742684, 0.46344714864095055, 0.45038393894579043, 0.4364043811616444, 0.4303060442808444, 0.42086983356778584, 0.4176206986765382, 0.41245337035164, 0.4096214226213082, 0.4031965055919829, 0.397041335010024, 0.39702337598043774, 0.39296119754528874, 0.3906432514897099, 0.3857061669889581, 0.38685377236018104, 0.3830718301843714, 0.3785666649631722, 0.38029498093216507, 0.37683384979086576, 0.3761157551921865, 0.37533538636707126, 0.37370378084535955, 0.3711446425826461, 0.36891437663729226, 0.3710935853423265, 0.3708963949213583, 0.36339961190198466, 0.3636708169361902, 0.36434862821064296, 0.3600374420408219, 0.35781099870469835, 0.3649535017871352, 0.3569545081809715, 0.3143895706903367, 0.3149460858339986, 0.3153832735132288, 0.3116121548647603, 0.31415455918085006, 0.3102064369847535, 0.3117035868407557, 0.30867042898753333, 0.30881259692156754, 0.3053886373005216, 0.3061804814414372, 0.3044467416793581, 0.30611576930051126, 0.30377727304690727, 0.3028622919112917, 0.30071522741973716], "val_losses": [0.7370810906266991, 0.6595548871497968, 0.6380294302356986, 0.6179144656003176, 0.6052981494721912, 0.6027977221702044, 0.5960871153611403, 0.5956929570851308, 0.5823622836996785, 0.5937439835377228, 0.5825947109683529, 0.5792568540747786, 0.5886526810642564, 0.5813943013341436, 0.5806577052301539, 0.5775697682978033, 0.5827930115081452, 0.581222666366633, 0.5799172969440838, 0.5713240970709385, 0.5781702564225528, 0.6020135727208176, 0.5810146897703736, 0.5802628964993544, 0.5634087758885199, 0.6016201680221837, 0.595604119073777, 0.5884734953716124, 0.5830750994280581, 0.582169435661791, 0.5887252926389813, 0.5959204608791477, 0.5786971087333483, 0.5969468757433769, 0.5804901011260875, 0.5850547105838091, 0.5825792128175169, 0.6029738790211661, 0.5827843742230873, 0.5894857192825486, 0.5930683830456855, 0.5665376196501456, 0.5898426410828754, 0.5806577359713041, 0.5941696593176314, 0.6137164985740577, 0.5874439731360355, 0.5785671190813784, 0.5865002630045125, 0.5958947016118648, 0.5879159668863038, 0.5946051391489776, 0.592574934627547, 0.6058179419381278, 0.5823926597287803, 0.5997952969170315, 0.5815774216145386, 0.6006070658924816, 0.6038167402945158, 0.6039518901279994]}