{"train_losses": [2.289797097636807, 1.9950532142754591, 1.8740665291705336, 1.7885750920507795, 1.7423455184710015, 1.7129936528621046, 1.663673095848776, 1.6298139771971403, 1.590789029811268, 1.561009182230323, 1.5454309008511482, 1.521785342485742, 1.4894514782783341, 1.4906261876348832, 1.4902177958770237, 1.4326305145949185, 1.4174746492676078, 1.4108104811918045, 1.3893152182149167, 1.148614572399928, 1.1183519502962926, 1.108998325386287, 1.0909847336124427, 1.1233070423968547, 1.0850489934103984, 1.0661651894394888, 1.0604611425749615, 1.0315366484320507, 1.039737727721691, 1.0138385819667344, 1.0012019625330801, 1.0070707930995844, 0.9898862087893343, 0.9760158127592252, 0.9684004597346714, 0.96247595306672, 0.949705406205844, 0.9570120986175646, 0.9330281487063888, 0.927656429636795, 0.9139667210393791, 0.9053793895765267, 0.9028787566054864, 0.9041561525411821, 0.8937183687491584, 0.8748945211261604, 0.8686895440110063, 0.8664176765626205, 0.8794276308679867, 0.8881357408338978, 0.8384381812877257, 0.8472305663680813, 0.8487616944986855, 0.8265913353761264, 0.8168304354947804, 0.8047205387065658, 0.7934527144342227, 0.7685835325612431, 0.8144224651874626, 0.5980969516542888, 0.5526785868016645, 0.5445821272435272, 0.5306513026888425, 0.5276453301765699, 0.519130929027528, 0.5266679413159371, 0.5142327189037128, 0.5120329830056424, 0.5066546169598035, 0.4967672892920875, 0.5033012853906116, 0.48815465033513766, 0.47239435894333426, 0.4826960082772865, 0.4763470657631359, 0.48729844799458283, 0.4711433467305527, 0.4764620311322159, 0.48375594703054686, 0.48407338934900285, 0.44948282046145177, 0.43710714574034404, 0.4520255402602572, 0.45520804329936654, 0.44779718860094797, 0.43667185110192347, 0.41688251967366136, 0.4341436309199179, 0.4295592624410166, 0.41307027394384305, 0.3989618732542642, 0.3970165039483663, 0.40906436336472685, 0.41424125300589, 0.4032039971018804, 0.43545521497386136, 0.4390517412050772, 0.397055935689527, 0.38521187251511896, 0.31334339367247566], "train_accs": [0.3318869540393948, 0.4043962318013132, 0.4405937767627748, 0.46605766485869254, 0.4746788467028262, 0.48569797316585783, 0.5004282043962318, 0.5096203254353411, 0.514987153868113, 0.5292035398230088, 0.5309163574079361, 0.5407936054810163, 0.5509563231515844, 0.5508421353125892, 0.550214102198116, 0.563459891521553, 0.5672851841278904, 0.5753925206965458, 0.5796174707393662, 0.5836140451041965, 0.5937767627747644, 0.5915500999143591, 0.6006280331144733, 0.5909791607193834, 0.5997145304025121, 0.6054810162717671, 0.6067370825007137, 0.6193548387096774, 0.6098201541535826, 0.6239223522694833, 0.6261490151298886, 0.6251213245789323, 0.6351127604910077, 0.6331715672280902, 0.6387096774193548, 0.6386525834998573, 0.6403654010847845, 0.640822152440765, 0.6515558093063089, 0.6529260633742506, 0.6537824721667143, 0.6553811019126463, 0.6559520411076221, 0.6560091350271197, 0.6612046817013988, 0.670282614901513, 0.6667427918926634, 0.6702255209820154, 0.6674850128461319, 0.6624607479303454, 0.677248073080217, 0.6795889237796174, 0.6766200399657436, 0.6841564373394233, 0.6835854981444476, 0.6891236083357123, 0.6959177847559235, 0.7044247787610619, 0.6878675421067656, 0.7172138167285184, 0.7324578932343705, 0.7330288324293462, 0.7383956608621182, 0.7409077933200114, 0.7407365115615187, 0.7395375392520697, 0.7439337710533828, 0.7434199257779046, 0.74564658863831, 0.7466171852697687, 0.7437624892948901, 0.7524407650585213, 0.7551812731944048, 0.7515843562660577, 0.754210676562946, 0.7494718812446475, 0.7562660576648587, 0.7563231515843563, 0.7508992292320867, 0.7573508421353126, 0.7659720239794462, 0.7687696260348272, 0.7615186982586355, 0.7632886097630602, 0.761575792178133, 0.7660291178989438, 0.7753354267770483, 0.7643733942335141, 0.7687125321153297, 0.7755638024550385, 0.7790465315443905, 0.7799029403368541, 0.7777333713959463, 0.7766485869254924, 0.7764202112475022, 0.7663145874964317, 0.7618041678561234, 0.7825292606337425, 0.7821296031972594, 0.7828147302312304], "val_losses": [1.9941625037701058, 1.8388656209493148, 1.8084651058376202, 1.7027733436036752, 1.7369410518903812, 1.6619643526201984, 1.62555445465432, 1.6129475317543462, 1.6504573833474738, 1.5535298432863518, 1.511475333538824, 1.5265902018973374, 1.5126053950994658, 1.6714720567576498, 1.472916058740649, 1.467161120240899, 1.477343858004189, 1.4503854370957092, 1.4848439134150337, 1.1407986235103196, 1.1219340564411164, 1.1172234831983832, 1.1574782966962966, 1.1812068545598808, 1.0663571838127444, 1.0997839743275943, 1.1097824247099095, 1.051183352509848, 1.0572429918625657, 1.0531662522171668, 1.138688884864402, 1.0396892114547147, 1.0588363306281214, 1.0527923670265558, 1.107087490747603, 1.0337542949882164, 1.100670131645681, 1.0514370353501226, 1.0012051241538478, 0.9823070999651488, 0.9907831574937074, 0.983436443215852, 1.154470964848661, 1.0251428778088185, 1.0605093301503792, 1.0342279728934516, 0.9886896505271845, 1.0487310309266293, 1.0055500758562783, 0.9489230714481863, 0.9297090597333417, 1.0044040760740713, 0.9462804927296533, 1.0275849468841023, 0.9963150033322149, 1.052074863588075, 0.912677758529659, 1.150704131878501, 0.9521523053912694, 0.7132246939379405, 0.8142011504444339, 0.7407052840491692, 0.7460654509808815, 0.7472741301294514, 0.7455731867344054, 0.7348630777638469, 0.767619825344834, 0.7413852123187197, 0.7621522404080491, 0.7758101475916451, 0.7286762861623934, 0.7774903821983368, 0.828379348910647, 0.7980052790770316, 0.7844915494684668, 0.7823546581151233, 0.7667758455268854, 0.7750785738937627, 0.747436554743062, 0.7552322257128212, 0.7466870914117667, 0.7756084832694647, 0.759991944361153, 0.8454103131341336, 0.8357179967250574, 0.801807009317985, 0.842986241830073, 0.7706860092311724, 0.7596734751692956, 0.7782998773489821, 0.7585313899821843, 0.8076429421786534, 0.8257087115640795, 0.7956895717532277, 0.7889703945188418, 0.8466773155310137, 0.7788567582479884, 0.7904226893833997, 0.8195200480554529, 0.6870152144105014],