{"train_losses": [0.6996985439300537, 0.5894566986777565, 0.5428502716237849, 0.5105969238974831, 0.4895981517618353, 0.4766849431991577, 0.4594597859642722, 0.4517555688164451, 0.444330532542142, 0.4414049762379039, 0.4326248911597512, 0.4253928808038885, 0.4297898528012362, 0.418728696493669, 0.41455057010650637, 0.4090826814304699, 0.4080994710922241, 0.40467332461964, 0.40860446380268445, 0.405169811855663, 0.40193378183191475, 0.4027113594748757, 0.40138033901561393, 0.4048675014669245, 0.3560013888792558, 0.35091199252388694, 0.35058764649304475, 0.3463757467096502, 0.3484634409817782, 0.34462731784473766, 0.3459410929593173, 0.3416502953702753, 0.34219409249045635, 0.3398047339179299, 0.33983343359340323], "train_accs": [0.7777541320848408, 0.7786053770305739, 0.7869759523302831, 0.7822231680499397, 0.7886075051429382, 0.7913740512165709, 0.7913031141377598, 0.7932184152656594, 0.8084698872100446, 0.793005604029226, 0.7762644534298078, 0.8087536355252891, 0.8032914804568347, 0.7964105838121586, 0.8155635950911542, 0.8122295523870326, 0.8197488827410088, 0.8123004894658438, 0.7891750017734269, 0.8149251613818543, 0.8007377456196354, 0.8189685748740867, 0.805632404057601, 0.8040008512449457, 0.836490033340427, 0.8308150670355394, 0.8294672625381286, 0.8299638220898063, 0.8354259771582606, 0.838760019862382, 0.8346456692913385, 0.83343973895155, 0.8393275164928709, 0.8452152940341917, 0.8408171951479038], "val_accs": [0.6760610079575596, 0.6933023872679045, 0.6906498673740054, 0.6760610079575596, 0.6807029177718833, 0.6846816976127321, 0.6906498673740054, 0.6810344827586207, 0.6923076923076923, 0.6916445623342176, 0.6637931034482759, 0.7059018567639257, 0.6886604774535809, 0.6823607427055703, 0.6986074270557029, 0.6942970822281167, 0.6972811671087533, 0.6939655172413793, 0.6694297082228117, 0.7055702917771883, 0.6734084880636605, 0.6989389920424404, 0.6966180371352785, 0.6797082228116711, 0.6996021220159151, 0.6883289124668435, 0.6860079575596817, 0.6939655172413793, 0.6972811671087533, 0.7012599469496021, 0.6999336870026526, 0.6949602122015915, 0.7022546419098143, 0.7062334217506632, 0.7042440318302388]}