{"train_losses": [1.9094857202909292, 1.6748508335791927, 1.5749884458808279, 1.5347124876228133, 1.4890601825078194, 1.4132399523504289, 1.3655929156395614, 1.3312666238584678, 1.311978661608948, 1.2587543926256264, 1.242836437792256, 1.2048890906597287, 1.2119836489714704, 1.153843519780165, 1.135584288195802, 1.1524909863347168, 1.0920720278747438, 1.0686733746956518, 1.1011698677826158, 0.8516926762778142, 0.8453293198633339, 0.935098838356274, 0.8861863213650274, 0.8231206652863935, 0.7771462218392916, 0.7822556375163392, 0.8373380056076661, 0.8039421640559021, 0.7595194558805715, 0.7367546857946636, 0.7202074248426948, 0.7113296713648581, 0.700969881924144, 0.7048263923406618, 0.6910285335648539, 0.69357439854039, 0.6494951762167572, 0.6782711842486797, 0.6482534899080427, 0.6409104790401398, 0.6293294143277618, 0.6514834151493283, 0.6689462355580695, 0.6222941092229815, 0.6180259681571635, 0.6447077802396746, 0.6222628921813691, 0.6749412831054593, 0.5887757275995316, 0.5900693212983252, 0.5884441942147789, 0.5882361082394106, 0.5730674918546755, 0.6193288190149877, 0.5992877744246587, 0.5570979445608252, 0.5741479709197961, 0.8181360705428034, 0.6350993813733188, 0.4708805633574722, 0.41751948350785073, 0.39535325822055933, 0.38464319642540445, 0.40161713372395125, 0.37857448936751814, 0.37240356300759503, 0.3685667758513285, 0.3602218547192602, 0.3624636173108761, 0.3548276805694605, 0.33895721032685944, 0.3417250777720864, 0.38917478318627763, 0.34613870579934064, 0.40799478167649356, 0.38136008716503966, 0.3328984942412202, 0.3774821226999524, 0.32545040869295083, 0.3433862708262148, 0.3455243594297037, 0.3264748892270733, 0.3087523495308717, 0.3126183657603644, 0.2924500622820869, 0.30063730371313807, 0.3131008082931411, 0.3340824489991969, 0.31307925039520074, 0.3007239987810106, 0.2865696633725485, 0.3595515053018726, 0.30760809674731143, 0.29675705135270297, 0.2918240993331322, 0.27890566830061053, 0.29182635464401563, 0.28487712322540926, 0.27252655086335015, 0.21465501116718597, 0.2844683631727135, 0.21954113844566212, 0.22934208928189936, 0.21172272012979076, 0.2194934164933586, 0.1948076800255012, 0.18568532132608564, 0.33456099630480346, 0.22831494974195343, 0.21817986768421116, 0.2505671907470794, 0.19949949892618188, 0.19045686189473973, 0.24147455156855763, 0.2837622795890069, 0.2504930289542412, 0.2825467640426621, 0.22621584607602316, 0.2742897091059344, 0.22198468431932938], "train_accs": [0.3858977087323544, 0.44264737178123004, 0.46662410441938, 0.4758459246648223, 0.49265801234305173, 0.5190466056607789, 0.5345108888415975, 0.5512520394410159, 0.5578491877704476, 0.5693409945378449, 0.5779953181527985, 0.5902674327871178, 0.5878555721075406, 0.6120451159821239, 0.6216925587004327, 0.6127544867702348, 0.6382918351422289, 0.6399943250336951, 0.6307015677094417, 0.6329715542313967, 0.6422643115556501, 0.5843087181669859, 0.6194225721784777, 0.6395687025608285, 0.6563807902390579, 0.6581542172093353, 0.6329006171525856, 0.6455274171809605, 0.6570192239483578, 0.6780165992764418, 0.6824856352415407, 0.6825565723203518, 0.6890118464921614, 0.6867418599702064, 0.6942611903241824, 0.6914946442505497, 0.7157551252039441, 0.6994395970773923, 0.7103639072143009, 0.7154004398098887, 0.7202241611690431, 0.7119954600269561, 0.7071717386678017, 0.7221394622969426, 0.725473505001064, 0.710434844293112, 0.7189472937504433, 0.7027027027027027, 0.7383840533446833, 0.732212527488118, 0.740441228630205, 0.7377456196353834, 0.7474639994325034, 0.7243385117400866, 0.7302262892814074, 0.7489536780875363, 0.7400865432361495, 0.6442505497623607, 0.7166063701496772, 0.7341278286160176, 0.7556927005745904, 0.7639214017166773, 0.7712279208342201, 0.7610129814854224, 0.7715826062282756, 0.7778960062424629, 0.7783216287153295, 0.7807334893949067, 0.7769738242179187, 0.7860537703057389, 0.7923671703199262, 0.7875434489607718, 0.7740654039866638, 0.7886075051429382, 0.7521458466340356, 0.7705185500461091, 0.7939277860537703, 0.772008228701142, 0.7979002624671916, 0.7864084556997942, 0.7845640916507058, 0.7945662197630702, 0.8030786692204015, 0.8015889905653685, 0.8108817478896219, 0.8077605164219337, 0.7996027523586579, 0.7906646804284599, 0.8030786692204015, 0.8062708377669008, 0.8133645456480102, 0.7777541320848408, 0.8040717883237568, 0.8082570759736114, 0.810243314180322, 0.8155635950911542, 0.8084698872100446, 0.8065545860821451, 0.8163439029580762, 0.8128679860963326, 0.7723629140951975, 0.8048520961906789, 0.801943675959424, 0.8104561254167554, 0.8087536355252891, 0.8219479321841526, 0.8240051074696744, 0.7477477477477478, 0.8020855501170462, 0.8037171029297013, 0.7888203163793714, 0.8105979995743775, 0.8248563524154076, 0.7935731006597149, 0.7712988579130311, 0.7926509186351706, 0.7654820174505214, 0.7998155635950912, 0.7744200893807193, 0.8010214939348798], "val_losses": [1.6724377190718915, 1.567948054255478, 1.5202791728771017, 1.4523095755741513, 1.3409790259141188, 1.4337417839060411, 1.4402688776466512, 1.2702465196503252, 1.2685839902184686, 1.2285395560277235, 1.2342370429152836, 1.362172562500526, 1.1492538395231535, 1.4754426681710808, 1.2844783570469216, 1.0844638986359856, 1.0868933093326478, 1.5118920252873347, 1.0233295289527833, 0.9167674542738209, 1.5731567994985403, 0.9547350375026228, 0.8150606882667035, 0.8202847204410745, 0.8423427204238325, 0.9089320034816347, 0.8617168184300633, 0.7307090221728824, 0.779697219003733, 0.8324084661367401, 0.7069822976696712, 0.84689828729756, 0.7739642052182468, 0.7347819068387585, 0.7079805875646656, 0.6749945376216575, 0.828963668972491, 0.7122810139896383, 0.7272406642569788, 0.7235199870734379, 0.9317937940754372, 0.966595798651799, 0.7619200752015456, 0.6781988087003996, 0.7805017659771664, 0.7239329258390067, 0.6742622806475713, 0.7820778367373924, 0.6929845645509917, 0.6914890764246568, 0.6354880547966185, 0.6365846474543807, 0.9936130400994095, 0.7112088396315233, 0.631197111676163, 0.8064272950751712, 1.0808506707613916, 0.7361558160351822, 0.8497567998951879, 0.4851485792774737, 0.5011830269816068, 0.48990529522655496, 0.4897588847170458, 0.5045324187696139, 0.4660665966787768, 0.4980527763341403, 0.49844708398419285, 0.5041106455522127, 0.49854920429007127, 0.48474211812967966, 0.5107577805177602, 0.534729645644322, 0.47145137483308425, 0.533850203458447, 0.5389981775764445, 0.5111360262180197, 0.49991360994485706, 0.5028395143680927, 0.4992166205805872, 0.4850648679530905, 0.4765515700575528, 0.49512107365959834, 0.536776405746804, 0.5288004331310485, 0.5008407508662904, 0.48823374082934634, 0.5804907663747549, 0.5560115401877649, 0.5317044659698041, 0.534932593768092, 0.5394396018286283, 0.515671053046573, 0.5100849879515266, 0.5669443325907861, 0.5561919028942401, 0.5229602802337323, 0.5672308889561054, 0.5437015979612537, 0.5691816259758542, 0.46217731850849225, 0.43037559309435774, 0.494786968914204, 0.4335994020064883, 0.4508139998590282, 0.47208954642875123, 0.4502498981807213, 0.6206305438074572, 0.41533283687712974, 0.4114325252072564, 0.4458377345487357, 0.4637787857485703, 0.40947507610371636, 0.5240754328608829, 0.4288639747179471, 0.4733679171266227, 0.4294574077312763, 0.5380169633845119, 0.4379919356313245, 0.4277626473644368, 0.43064224024350195],