{"train_losses": [8.466229356107617, 2.3528358563030487, 2.257225178639381, 2.245512745667156, 2.2163282239842546, 2.1801893137127824, 2.1882238426567278, 2.1462350223265108, 2.1381614372663664, 2.1248785185537566, 2.107400748749185, 2.088975035643682, 2.076352671074727, 2.064783814785577, 2.060617840111131, 2.055983404594072, 2.0525804917757533, 2.0531643496568996, 2.0502660977122407, 2.049272862899537, 2.0491579133431856, 2.0491444386390367, 2.047336468423883, 2.0492854180409386, 2.0468515332334514, 2.052412733251596, 2.0520814761629853, 2.0508312146155845, 2.0467531348099257, 2.061147577518432, 2.0526051946223607, 2.0717878962296985, 2.085313347657552, 2.0476057720166208, 1.909149124371831, 2.0846617393975655, 2.051056376070707, 2.048665087009686, 2.0470685923074603, 2.0469559773777277, 2.047154263219701, 2.046016601788642, 2.0452882042181213, 2.044909297615862, 2.0453810222516284, 2.045084910272261, 2.047539678834904, 2.085236222123819, 2.051729468820939, 2.0479558934826554, 2.046441209150905, 2.0440663336439093, 2.0432836208057203, 2.0427431535657403, 2.0425910690585947, 2.0515248765062974, 1.942216949274439, 2.215684941076358, 2.0727781914677115, 2.0514053184452017], "train_accs": [0.2440623218696561, 0.2253467604028121, 0.2560326809804294, 0.3574007220216607, 0.37915637469124075, 0.38010640319209577, 0.3848565456963709, 0.37915637469124075, 0.3805814174425233, 0.38086642599277976, 0.38086642599277976, 0.3816264487934638, 0.38086642599277976, 0.38096142884286527, 0.3999619988599658, 0.3812464373931218, 0.3814364430932928, 0.37972639179175377, 0.38096142884286527, 0.38096142884286527, 0.38096142884286527, 0.38096142884286527, 0.38096142884286527, 0.3802964088922668, 0.3812464373931218, 0.38039141174235225, 0.3805814174425233, 0.38096142884286527, 0.3830514915447463, 0.3798213946418393, 0.38086642599277976, 0.40566216986509596, 0.36804104123123693, 0.3810564316929508, 0.4217176515295459, 0.3634809044271328, 0.38096142884286527, 0.38096142884286527, 0.38096142884286527, 0.38086642599277976, 0.38096142884286527, 0.38096142884286527, 0.38096142884286527, 0.38096142884286527, 0.38096142884286527, 0.38096142884286527, 0.42836785103553104, 0.3620558616758503, 0.37972639179175377, 0.38096142884286527, 0.38096142884286527, 0.38096142884286527, 0.38096142884286527, 0.38096142884286527, 0.38096142884286527, 0.3815314459433783, 0.44185825574767246, 0.38010640319209577, 0.38096142884286527, 0.38096142884286527], "val_losses": [2.794545306617371, 2.2923794123038093, 2.252071949347298, 2.2504639337583714, 2.211034666369694, 2.1868437407918764, 2.225424562423733, 2.132490995722173, 2.109641312705899, 2.093094764763678, 2.078987804653378, 2.111098272550593, 2.0677949192257166, 2.0988939922190473, 2.0345829350486744, 2.0269793621388463, 2.1140660307970607, 2.0235933596880353, 2.0215528659244626, 2.021054359354727, 2.0209575991012274, 2.023749478121634, 2.0247176565878346, 2.0289856731150544, 2.029546041895187, 2.0531899941750997, 2.031435087773135, 2.031255194391281, 2.0708830703850536, 2.0289484675358285, 2.032474302271543, 3.567167636132791, 2.029732420008305, 2.057191012384201, 4.000875031334045, 2.027390349186547, 2.0256322709112355, 2.0248119466893413, 2.025395071951153, 2.0241905948408543, 2.0241891359562985, 2.0244369875262516, 2.024395139348655, 2.0246972529545135, 2.0259124055425395, 2.0262215023142405, 6.850689060099383, 2.026873145179681, 2.037369929240821, 2.0220814068829824, 2.0212837065938944, 2.020886794711938, 2.0210058202116783, 2.021974365834021, 2.022195519604861, 2.0245925804226266, 43.6045375624622, 2.032343956759302, 2.0264910173670225, 2.0236377737238396], "val_accs": [0.09813499111900532, 0.20293072824156305, 0.35346358792184723, 0.35479573712255774, 0.3605683836589698, 0.3632326820603908, 0.358348134991119, 0.38099467140319715, 0.3814387211367673, 0.3814387211367673, 0.3796625222024867, 0.36989342806394315, 0.3738898756660746, 0.36589698046181174, 0.38099467140319715, 0.3814387211367673, 0.35879218472468916, 0.3814387211367673, 0.3814387211367673, 0.3814387211367673, 0.3814387211367673, 0.3814387211367673, 0.38099467140319715, 0.3814387211367673, 0.380550621669627, 0.37788632326820604, 0.3814387211367673, 0.380550621669627, 0.3654529307282416, 0.38099467140319715, 0.38099467140319715, 0.18339253996447602, 0.38099467140319715, 0.3765541740674956, 0.108348134991119, 0.3814387211367673, 0.3814387211367673, 0.3814387211367673, 0.3814387211367673, 0.3814387211367673, 0.3814387211367673, 0.3814387211367673, 0.3814387211367673, 0.3814387211367673, 0.3814387211367673, 0.3814387211367673, 0.05772646536412078, 0.3814387211367673, 0.38099467140319715, 0.3814387211367673, 0.3814387211367673, 0.3814387211367673, 0.3814387211367673, 0.3814387211367673, 0.3814387211367673, 0.3814387211367673, 0.1127886323268206, 0.3814387211367673, 0.3814387211367673, 0.3814387211367673]}