{"train_losses": [0.8456994927300348, 0.7666838155958388, 0.7222837476942274, 0.6920452706231012, 0.6680347427368164, 0.6439926586574979, 0.6240669898139106, 0.604530240673489, 0.5876938115437825, 0.5700090635087754, 0.5609830508338081, 0.5450888481140137, 0.5336685701158311, 0.5251472884284125, 0.5142377396901449, 0.511082497660319, 0.5022401821136475, 0.49685160230000813, 0.4944333405388726, 0.4859757378472222, 0.48163504558139375, 0.4810105067782932, 0.47575205862257214, 0.4768016985151503, 0.47174870601230195, 0.46966189715067547, 0.46818020964728463, 0.46315707681443957, 0.4612201171875, 0.46016132876078286, 0.4579200502607558, 0.4545688749101427, 0.45072300075954863, 0.455408830303616, 0.45096890907287596, 0.44865017882453073, 0.4472887570699056, 0.4408880379570855, 0.44213096872965496, 0.4396427434709337, 0.4415426510281033, 0.44086718186272517, 0.43707701712714303, 0.43154114846123587, 0.4345979608323839, 0.42869428329467774, 0.4297012056562636, 0.44472096540662975, 0.42505692206488715, 0.4265049807654487, 0.42533898997836644, 0.4231272083706326, 0.4278363694085015, 0.4273850186665853, 0.4265344634162055, 0.4232087832980686, 0.4243623546600342, 0.4164684573279487, 0.4197578449673123, 0.4169707196129693], "val_losses": [0.8190323743466977, 0.8609833097104673, 0.7708724724098488, 0.743823188216598, 0.739603362471969, 0.731755470275879, 0.7185228590788665, 0.7035935375072337, 0.7157519248679832, 0.7328143477263274, 0.6889697418212891, 0.6989348175613969, 0.6929253856517651, 0.7092950744628906, 0.6874523809927481, 0.7389091926857277, 0.7456132416901765, 0.7442125145241066, 0.675930147241663, 0.694636557119864, 0.7217203874941226, 0.7125521825154623, 0.7190186756275319, 0.7015778995090061, 0.6917100448608399, 0.6886032485961914, 0.7095593124672218, 0.7137886708577474, 0.7214877686677156, 0.7219495702672888, 0.6849391420152452, 0.717834937484176, 0.703656724717882, 0.7111402607670537, 0.6908649693241826, 0.69616748046875, 0.7170691149676287, 0.7242565013744213, 0.7760793603967737, 0.7141189416956019, 0.7207896663524487, 0.7227221674036096, 0.700934440612793, 0.73638850346318, 0.7015576053195529, 0.7208379573115596, 0.7157511161521629, 0.7193453484994394, 0.7236501281173141, 0.7219057331791631, 0.7359247964929652, 0.7047535134774667, 0.7153618647257487, 0.749248567086679, 0.7166565376564309, 0.7308185156363028, 0.731219268516258, 0.7275645229198314, 0.7672612313164605, 0.7417635667588975]}