{"train_losses": [0.8552206175062391, 0.7804381606207954, 0.7318092666625976, 0.6998447402954101, 0.6759204416910807, 0.6504511702643501, 0.6301900182935927, 0.6112896350860596, 0.5962565007951525, 0.581456498252021, 0.5674253279791938, 0.5578121740976969, 0.5469954580518934, 0.5381997678120931, 0.530058800760905, 0.5230676617516412, 0.5187049865298801, 0.5123824545966255, 0.5045751282162136, 0.4979475419362386, 0.49479473872714574, 0.48835887383355037, 0.4861240152994792, 0.47975915722317164, 0.47943139021131725, 0.476981458791097, 0.4734580289628771, 0.4716340460459391, 0.46921587630377876, 0.4667176597595215, 0.463835476981269, 0.46024861874050566, 0.45911448474460176, 0.4577851274702284, 0.4594444147745768, 0.45620796326531304, 0.4528571554819743, 0.4513061959584554, 0.4541787773132324, 0.44948277854919433, 0.4479556098514133, 0.4465192521413167, 0.4476431168874105, 0.4450434693654378, 0.44381722649468314, 0.4409297014448378, 0.4419113826751709, 0.4396746818542481, 0.4372811525556776, 0.4377106232961019, 0.43732990684509276, 0.436336595026652, 0.43280327000088165, 0.43482092530992295, 0.43236582209269203, 0.42705802625020345, 0.43441226183573406, 0.43073611687554253, 0.4293603248596191, 0.42835721168518065], "val_losses": [0.8057942612259477, 0.7987108027140299, 0.8313419158370406, 0.7665303762930411, 0.7334499582361292, 0.7535602196587456, 0.7200368273699725, 0.7161648084852431, 0.7424667256673178, 0.7251286776507342, 0.7171522781937211, 0.7002819714016385, 0.7080131030612522, 0.7455476096824364, 0.7273173565334744, 0.7325382715861003, 0.7201782220911097, 0.7082578568635164, 0.6905199757328739, 0.7099580338089554, 0.6997316284179688, 0.6958222359551324, 0.7134076077496564, 0.7018028550324616, 0.7499145211113823, 0.7190426983303494, 0.7400320680406358, 0.7221202061971028, 0.7167496662846318, 0.7168064114605939, 0.7139339198359737, 0.7315390020299841, 0.7096663835313585, 0.7277407754968713, 0.7105511206167715, 0.7132595373083044, 0.7599888333921079, 0.73428069446705, 0.7245214493362991, 0.7118921929818612, 0.7385016372115524, 0.7153309193363896, 0.72025454598886, 0.7122100558810764, 0.7101408117788809, 0.7206328387790256, 0.7393211876198098, 0.6995958116319444, 0.700245785465947, 0.7674257874665437, 0.747040618331344, 0.7106184717814128, 0.7160694221214012, 0.7364043991654008, 0.7239239041363752, 0.7705980764318395, 0.7407674128214519, 0.7264406464188187, 0.7487095311482748, 0.7071507147329825]}