{"train_losses": [0.7593551013625671, 0.668662326075949, 0.617912870775502, 0.5825185317636651, 0.5498023793110595, 0.5266218621559975, 0.5004751961253514, 0.48601979882546303, 0.4684950432821969, 0.45464842600243116, 0.44696058891272616, 0.43408817451690956, 0.4202389711160155, 0.41826978600285136, 0.40935423851013186, 0.39414445817656235, 0.39532200198307216, 0.39445107878925645, 0.3916296287191991, 0.3824137854947479, 0.39416161813468575, 0.38312546394324376, 0.37498705863952636, 0.3763795495850275, 0.31348206826088215, 0.31480750906875943, 0.3153976502373954, 0.3155399956361527, 0.30779448011582516, 0.3073846806469736, 0.3137556512630617, 0.3075896060800998, 0.3022855943905602, 0.3134924256987289, 0.30046505859707745, 0.299622908084192, 0.30164058097055024, 0.301323612025965, 0.2999677609060412, 0.295809091689802, 0.30080002138547807, 0.3024047551645297, 0.29412905800008327, 0.30002554180466123, 0.2954228618360383, 0.3011191085268775, 0.297498746943251, 0.29362628250478584, 0.29594537703790397, 0.2938010427736419, 0.2976006454396471, 0.2919047193735188, 0.2971500925854359, 0.2903331496782392, 0.28934428703747805], "train_accs": [0.7904624277456648, 0.7951188182402055, 0.8006583172768144, 0.8049935773924213, 0.8128612716763006, 0.8156711624919717, 0.8086062941554271, 0.8199261400128453, 0.8334938985228002, 0.832931920359666, 0.8316473988439307, 0.8315671162491972, 0.8257867694283879, 0.8379897238278741, 0.841441875401413, 0.8346178548490687, 0.8331727681438664, 0.8451348747591522, 0.8296403339755941, 0.8236994219653179, 0.8579800899165061, 0.8340558766859345, 0.8231374438021837, 0.8528420038535646, 0.869781631342325, 0.8701830443159922, 0.8716281310211946, 0.861271676300578, 0.868577392421323, 0.8664097623635196, 0.86873795761079, 0.8709858702633269, 0.876204238921002, 0.8660083493898523, 0.8744380218368658, 0.8705041746949261, 0.8746788696210661, 0.8845536287732819, 0.8626364804110469, 0.8801380860629415, 0.8721901091843288, 0.8778901734104047, 0.8770070648683366, 0.882466281310212, 0.8808606294155427, 0.865606936416185, 0.8719492614001284, 0.8668914579319204, 0.8836705202312138, 0.8787732819524727, 0.8782113037893384, 0.8702633269107257, 0.8809409120102761, 0.869942196531792, 0.8790944123314065], "val_accs": [0.7210960960960962, 0.7128378378378378, 0.7177177177177178, 0.7132132132132132, 0.7357357357357357, 0.7147147147147147, 0.7075825825825826, 0.722972972972973, 0.7203453453453453, 0.7248498498498499, 0.7072072072072072, 0.728978978978979, 0.7218468468468469, 0.7301051051051051, 0.7117117117117117, 0.7090840840840841, 0.7143393393393394, 0.713963963963964, 0.698948948948949, 0.7045795795795796, 0.722972972972973, 0.704954954954955, 0.698948948948949, 0.7274774774774775, 0.734984984984985, 0.7342342342342343, 0.7316066066066066, 0.7207207207207207, 0.7353603603603603, 0.7263513513513513, 0.7192192192192193, 0.7225975975975976, 0.7353603603603603, 0.7120870870870871, 0.7240990990990991, 0.7312312312312312, 0.7338588588588588, 0.7286036036036037, 0.7173423423423423, 0.7338588588588588, 0.7361111111111112, 0.7364864864864865, 0.7327327327327328, 0.734984984984985, 0.7338588588588588, 0.7319819819819819, 0.7357357357357357, 0.7162162162162162, 0.7342342342342343, 0.7301051051051051, 0.7271021021021021, 0.7150900900900901, 0.7376126126126126, 0.7278528528528528, 0.7301051051051051]}