{"train_losses": [0.810373701872649, 0.661567552435335, 0.5945521342363307, 0.5507855808318607, 0.5221387654460927, 0.49526698892583293, 0.47252449907575333, 0.45782654946947854, 0.4451875907050239, 0.42801349454203613, 0.42377960390767094, 0.4206628931439112, 0.4116561620399435, 0.40979044959658667, 0.4005652012497029, 0.3950133243540607, 0.3870464257941675, 0.3889281513678334, 0.38290324167725903, 0.37879504015079885, 0.37675922107191945, 0.3796470498786402, 0.37650166974748883, 0.3698976583329458, 0.3674149189499951, 0.36146527305481924, 0.367818718440949, 0.3628799610844365, 0.3578300725946981, 0.353717975717373, 0.36440406993078805, 0.35807922924384866, 0.3552543856504733, 0.35394735285844753, 0.3513850900761034, 0.35345709797692676, 0.35104413951893965, 0.3426893695447811, 0.3537899437758027, 0.34764473807117924, 0.3449447769891648, 0.33866096926492356, 0.3406257537155555, 0.3388367082908671, 0.33831496788711146, 0.34101627095540366, 0.33723976686265733, 0.33355473588004947, 0.33971294108395855, 0.33809364163434064, 0.33392084105557235, 0.34486260405040925, 0.34384343239113135, 0.3342010953186681, 0.3290416151379782, 0.33205692426489775, 0.3335838880993071, 0.3352115879967099, 0.32954317718586595, 0.32564789865887356], "val_losses": [0.7581780516795623, 0.7093381821628892, 0.7005538507258936, 0.6622320279970274, 0.6402091739640567, 0.6180589245527218, 0.6202557250082275, 0.6129090407654479, 0.6274480597527472, 0.632725464957101, 0.6216143339108198, 0.6101925416045136, 0.6215617018479568, 0.6621239088568496, 0.6177149309430804, 0.6212427302769252, 0.6140641619783618, 0.6370956789792239, 0.6474898058154207, 0.6813572838192894, 0.6226431489602113, 0.6252583662319533, 0.6313938842326293, 0.6201918298071557, 0.6237925305209318, 0.6087718779176146, 0.6331595105740614, 0.6377584666996212, 0.6524185147128262, 0.61380797794887, 0.6406647891090029, 0.6589063257350153, 0.6513377911354596, 0.6515684509277344, 0.6112272205282917, 0.6289039231744005, 0.6298350587781969, 0.6277404667780949, 0.6378454960134876, 0.6271885921492245, 0.5954290971301851, 0.6329398545764742, 0.6513364533364991, 0.6404179671570495, 0.6085859042995578, 0.6434590762351459, 0.6181404365288032, 0.6362451501643701, 0.6500239465175531, 0.6280079466432006, 0.6160057052500518, 0.6309935117728545, 0.6063640456147247, 0.6175517729874496, 0.6240835873111263, 0.6230019210983109, 0.5971930901384179, 0.6832292731428321, 0.6279954961979346, 0.6171860460833315]}