{"train_losses": [7.1573745197588226, 4.4470313705502615, 4.420080764019631, 4.405751793777187, 4.332001143692865, 4.34179144402045, 4.27621728689045, 4.32415012517859, 4.306514915087482, 4.288669744844991, 4.270612820106706, 4.256824533561128, 4.251529465138457, 4.249565329003618, 4.244697615019825, 4.225670917014242, 4.179886415725195, 4.159065761200211, 4.113217243781457, 4.182901105441935, 4.2422315542810995, 4.234633058357205, 4.231498506399979, 4.194872404292668, 4.230146709482122, 4.226634493939808, 4.052770134567854, 3.927550289511871, 3.924280434650984, 3.97537096009667, 4.053387732462596, 4.1393683727140385, 4.231192475208954, 4.21945983577016, 4.21352806674119, 4.2084337195699515, 4.202090780441493, 4.211987461453328, 4.13477767070798, 4.007471612427794, 3.8419059656678223, 4.068190202596112, 4.108708865182145, 4.05576273043428, 4.215750527987579, 4.208164669561395, 4.250424491721713, 4.208565042251421, 4.202396955217344, 4.288634206287644, 4.180524937020968, 4.046106524271786, 3.9488426864327195, 4.16276927976122, 4.04544798318521, 4.1936022498760535, 4.040204258832526, 4.030061658776914, 4.158705226818904, 4.036888074612275], "train_accs": [0.018120447681648607, 0.02647006573103571, 0.03464203233256351, 0.01869781488719133, 0.028557470243382482, 0.028868360277136258, 0.04867649671344822, 0.04672233078699591, 0.04374666903535264, 0.05418369159708652, 0.061955942440930896, 0.06568662284597619, 0.0692396518031622, 0.075635103926097, 0.06772961449635814, 0.058980280689287616, 0.052851305738141764, 0.0829188132883283, 0.08482856635281577, 0.07856635281577545, 0.0678184402202878, 0.06786285308225262, 0.06772961449635814, 0.06821815597797122, 0.0678184402202878, 0.06786285308225262, 0.09491028601883106, 0.09952922366317285, 0.09699769053117784, 0.10383727127376088, 0.10645763012968555, 0.0784775270918458, 0.06786285308225262, 0.06786285308225262, 0.06790726594421745, 0.0678184402202878, 0.06786285308225262, 0.06795167880618228, 0.08465091490495648, 0.08034286729436844, 0.10650204299165038, 0.09579854325812755, 0.0822082074968911, 0.05462782021673477, 0.06750755018653402, 0.0678184402202878, 0.08211938177296145, 0.06777402735832297, 0.06786285308225262, 0.08389589625155446, 0.0818529046011725, 0.07816663705809203, 0.07501332385858944, 0.06075679516788062, 0.06795167880618228, 0.06777402735832297, 0.058669390655533844, 0.07621247113163972, 0.06777402735832297, 0.0743915437910819], "val_losses": [4.448659272972885, 4.422567233744828, 4.397405553356531, 4.370309232496504, 4.358576667948006, 4.330775470443143, 4.304229782589188, 4.2915179069371, 4.27083821259882, 4.260582083629065, 4.254827547938894, 4.260425360198313, 4.348459921076182, 4.293753055001061, 4.295179897525627, 4.5068824490698995, 4.249244523103118, 4.244859854114993, 4.2410799013954, 4.23603795193044, 4.234493640626668, 4.235486789956462, 4.23730525158652, 4.237608147741931, 4.231930537336235, 4.232681202286598, 4.233142204531394, 4.230436746397124, 4.234570983554037, 4.23192948626497, 4.225019054026835, 4.217030310516389, 4.209588416553404, 4.208464731832847, 4.203095011190808, 4.20508546747645, 4.292435527171169, 10.01674667957703, 4.31636647981118, 4.356350530942348, 4.203951914524848, 4.206797608547262, 4.206735396668728, 4.214046266465453, 4.208315305114912, 4.205106696827835, 4.207107302492406, 4.202749011960777, 4.19998604933454, 4.231739176406558, 4.195288758523624, 4.196236152776268, 4.2002630818743265, 4.193500180346916, 4.196851830728214, 4.2912581602168585, 4.196538091377403, 4.200744941093816, 4.948189939856654, 4.198840903260876], "val_accs": [0.021281034842478615, 0.019820571667014397, 0.021489672438973505, 0.03150427707072814, 0.02587106196536616, 0.027122887544335488, 0.030461089088253703, 0.043187982474441895, 0.0682244940538285, 0.0682244940538285, 0.06843313165032339, 0.06801585645733361, 0.06446901731692051, 0.06572084289588984, 0.04214479449196745, 0.022950135614437723, 0.0682244940538285, 0.0682244940538285, 0.0682244940538285, 0.0682244940538285, 0.0682244940538285, 0.0682244940538285, 0.0682244940538285, 0.0682244940538285, 0.0682244940538285, 0.0682244940538285, 0.0682244940538285, 0.0682244940538285, 0.0682244940538285, 0.0682244940538285, 0.0682244940538285, 0.0682244940538285, 0.0682244940538285, 0.0682244940538285, 0.0682244940538285, 0.0682244940538285, 0.030043813895263928, 0.016482370123096182, 0.06238264135197163, 0.0682244940538285, 0.0771959107031087, 0.07677863551011892, 0.06926768203630294, 0.0682244940538285, 0.0682244940538285, 0.0682244940538285, 0.0682244940538285, 0.0682244940538285, 0.0682244940538285, 0.05633215105361986, 0.0682244940538285, 0.0682244940538285, 0.0682244940538285, 0.0682244940538285, 0.0682244940538285, 0.0701022324222825, 0.0682244940538285, 0.0682244940538285, 0.01022324222824953, 0.0682244940538285]}