{"train_losses": [1.4636691146313978, 1.1599937976357988, 1.0628660448334728, 0.9997150467551075, 0.9693809879107738, 0.9192399522628548, 0.9035466101953152, 0.8390046370539368, 0.8178988012970192, 0.8184134178384193, 0.8086439279103825, 0.782048512703393, 0.7957825781842905, 0.7606507318277109, 0.7444843045445954, 0.7441934931529383, 0.7157695831272072, 0.7034484815993292, 0.7230658576261357, 0.6806824034627063, 0.6802401226987701, 0.6861862414076183, 0.6615357799585672, 0.6524606635488162, 0.6452074943683397, 0.6228573967643162, 0.6498821806660728, 0.6768925554779242, 0.6357698669571095, 0.6203721323199007, 0.6001512243738071, 0.5913853709762161, 0.5832885345127631, 0.6109543134491858, 0.6333470653538806, 0.574761676616666, 0.5643125374900488, 0.5711138240029526, 0.5655362804773015, 0.569056747198071, 0.5458190326082831, 0.5546639391342072, 0.5308964820274134, 0.5448102854605033, 0.5232289883569005, 0.54766172226451, 0.5073907807265359, 0.5067799220636837, 0.5493294534221849, 0.5335346014776864, 0.5301088667756456, 0.5703681056390564, 0.4904762773388809, 0.48237874393404956, 0.5384610139085628, 0.49471183748137676, 0.5341368425993444, 0.48671105699377837, 0.49614519792016776, 0.43527828517928907, 0.3987974772628693, 0.3918611639280171, 0.37624555330221693, 0.375817884212945, 0.38352039527189496, 0.47161688502184795, 0.3875698224275579, 0.4111629595416247, 0.3884431630819074, 0.3902251491049735, 0.36741615821175805, 0.3961661842589498, 0.3713199559036549, 0.3415125668949461, 0.35097158857463157, 0.3269376878498412, 0.3414097361844288, 0.32271261612912516, 0.3702459277950754, 0.4406797860356572, 0.350920149425822, 0.38221180586347414, 0.32608181683401727, 0.3257392939036642, 0.3085320234391726, 0.30958797601957716, 0.3083933110591274, 0.4706076862558859, 0.3316440241526414, 0.31226017818118085, 0.3009046026474281, 0.3245556836048914, 0.2923760167747522, 0.32228498706802744, 0.2936991856835062, 0.33498701056394287, 0.32619305641133456, 0.27717647768677045, 0.3191793158406221, 0.2877554441712685, 0.27873882837580344, 0.28351211640025875, 0.33501594541190727, 0.268417045699203, 0.2571204494540384, 0.2735156901801758, 0.26810994959092355, 0.27972318510167976, 0.28764983374463454, 0.2582017461814009, 0.2702091842331666, 0.25321091135114593, 0.265585949833261, 0.2668940350249481, 0.2506860323964328, 0.3330413787032794, 0.2977281134796792, 0.25129654374605986, 0.30593644099564654, 0.25836834337488596], "train_accs": [0.36958218060580267, 0.45697666170107115, 0.4901752145846634, 0.5069163651840817, 0.5147903809321133, 0.5308930978222317, 0.53791586862453, 0.5609704192381357, 0.5687734979073562, 0.5670710080158899, 0.5699794282471448, 0.5759381428672767, 0.5704050507200114, 0.5874299496346741, 0.5950911541462722, 0.5968645811165496, 0.6080726395687026, 0.6116904305880684, 0.6036036036036037, 0.6182875789175002, 0.6231822373554657, 0.6184294530751223, 0.6268709654536426, 0.6329006171525856, 0.6388593317727176, 0.6449599205504717, 0.6284315811874867, 0.6206994395970774, 0.6411293182946727, 0.6454564801021494, 0.6570192239483578, 0.657870468894091, 0.6596438958643683, 0.6380080868269845, 0.6397105767184508, 0.6645385543023339, 0.6724835071291764, 0.6643966801447116, 0.6702844576860325, 0.6688657161098106, 0.6757466127544868, 0.6776619138823863, 0.6850393700787402, 0.6787969071433638, 0.6855359296304179, 0.6746116194935092, 0.6931261970632049, 0.6938355678513158, 0.6765269206214088, 0.6846137476058736, 0.6773781655671419, 0.6656735475633113, 0.7036248847272469, 0.7061076824856353, 0.679648152089097, 0.6990139746045257, 0.6875221678371285, 0.7026317656238916, 0.6963893026885153, 0.7266794353408527, 0.7435624600978932, 0.7473930623536923, 0.7564020713627013, 0.7527133432645243, 0.7518620983187912, 0.7116407746329007, 0.7503014825849471, 0.7392352982904165, 0.7461161949350926, 0.7467546286443925, 0.761438603958289, 0.7378874937930056, 0.7571114421508123, 0.772008228701142, 0.7693126197063205, 0.7718663545435199, 0.7712988579130311, 0.7791019365822516, 0.7562601972050791, 0.729162233099241, 0.7633539050861885, 0.7507980421366248, 0.7769738242179187, 0.7769028871391076, 0.7822231680499397, 0.7805206781584735, 0.7843512804142725, 0.7138398240760445, 0.7730722848833085, 0.7780378804000851, 0.7867631410938497, 0.7797403702915514, 0.7842094062566504, 0.7724338511740086, 0.7873306377243385, 0.7669007590267433, 0.7747747747747747, 0.7977583883095695, 0.7804497410796624, 0.7901681208767823, 0.8008796197772575, 0.7970490175214585, 0.7678229410512875, 0.8073348939490672, 0.8023692984322905, 0.8007377456196354, 0.798184010782436, 0.7999574377527133, 0.7910903029013265, 0.8083280130524225, 0.8023692984322905, 0.8048520961906789, 0.8003830602255799, 0.8042845995601902, 0.8085408242888558, 0.7721501028587643, 0.7881109455912606, 0.8112364332836773, 0.7805916152372845, 0.8050649074271121], "val_losses": [1.195656759985562, 1.0498534488425015, 1.0707794702970064, 0.9839765437401891, 0.9556694973052655, 0.8842866774895463, 0.7899641402520299, 0.8241469430038088, 0.9004826514094831, 0.7770904014850485, 0.8402823105414919, 0.7937871929188939, 0.7325068146227526, 0.7634299003793327, 0.755176227668236, 0.7709578800580862, 0.6573438998558793, 0.7698868588996503, 0.6912589351441563, 0.6927685579507358, 0.8103960031539755, 0.7066889865328841, 0.6997861498546853, 0.9481369269621467, 0.715402337537204, 0.8996081048677075, 0.7824182750691786, 0.6951840606861469, 0.6449379737560565, 0.5832081672683634, 0.7448033635116699, 0.5931081768688535, 0.8691330171074095, 0.6489065904516124, 0.6387462625452948, 0.5704181333435625, 0.8437419418314723, 0.5600852814530188, 0.6095306440120667, 0.5690761469403376, 0.718935253765602, 0.738020658809247, 0.707621851081241, 0.6033295652278222, 0.6539523857658042, 0.743341589479927, 0.5368870885682043, 0.6147006497142802, 0.6652640249748129, 0.5796917540957504, 0.5662885951742885, 0.5327478912844266, 0.5668605344681272, 0.6116130940161586, 0.6965737039277661, 0.6047701557371914, 0.6035841127921795, 0.5299160014096875, 0.6371098614497905, 0.4732338022490079, 0.4674166255983813, 0.4853008299354533, 0.49275143740980315, 0.5280601374350429, 0.5267052223574894, 0.48733251464777977, 0.5029496719729679, 0.49447126666810215, 0.5217974927444357, 0.5209416881480331, 0.4766439177313281, 0.5393446377164806, 0.48002376527938034, 0.49905936819172664, 0.5200989598936997, 0.5183952351147679, 0.515456932925419, 0.709544457870706, 0.5558480615641141, 0.5330920478709497, 0.5375498254988491, 0.5224344354093233, 0.48880271965375943, 0.47834866195521875, 0.5618067750563989, 0.49836672806929533, 0.5224235525814228, 0.5184064913807876, 0.49709885427110706, 0.5075468956949857, 0.5121211703639448, 0.5183594407074015, 0.5469284696351312, 0.4972939182972086, 0.5255185351447654, 0.5592916593627525, 0.5418396473563318, 0.580038740875234, 0.5354654819010424, 0.5865511566953887, 0.5318370978459123, 0.634062595013282, 0.5179342061518358, 0.5059475701114543, 0.5362194349658268, 0.5822553552430252, 0.5695847876824498, 0.544471042067682, 0.5142878651302752, 0.5260967651792167, 0.5219611103401892, 0.5866421135414184, 0.5623457904519706, 0.5230582353290891, 0.6464173534504615, 0.556465377542005, 0.5282087194824725, 0.5108637275366947, 0.530828674845101, 0.524864818910705],