{"train_losses": [0.7426974611980159, 0.6527998393609272, 0.5949643149957424, 0.5560287376031643, 0.5194664183825981, 0.4964039992045581, 0.4757430365027451, 0.45557879390561484, 0.44513095381201767, 0.43368577054651775, 0.4219547065486753, 0.41035862908712245, 0.4010162099512612, 0.3972828931110661, 0.3927927811165166, 0.3729642215821801, 0.3730380111942446, 0.37104249917007076, 0.3547743961055104, 0.35435560455942544, 0.35154944198112176, 0.34955981597280117, 0.3463490917391893, 0.3522030001539525, 0.29202663831013004, 0.2900303703091009, 0.29283575636390746, 0.2889305695479478, 0.3182054936633847, 0.29015249069337923, 0.2896468443676708, 0.29181938262877427, 0.2811975063230933, 0.2839853305506512, 0.28489171908929095, 0.279855046016414, 0.2824965084975328, 0.2815636020443304, 0.2821767716446543, 0.27912631348090444, 0.2873051277563824, 0.27252489761414567, 0.27753755895102894, 0.2789951625917016, 0.27978300544304574, 0.27962347973459134, 0.27238252951459185, 0.27172346423699606, 0.27781252135300055, 0.27101376162893404, 0.27171184519635955, 0.2747073355573949, 0.2658340614132765, 0.2746944722896669, 0.2749175068149722], "val_losses": [0.6854733775606091, 0.6775055648496487, 0.6223009554971785, 0.6098116946380411, 0.615524232339539, 0.6216471048649526, 0.6243368489310246, 0.6086311997023205, 0.6208003543367322, 0.5862211794501183, 0.5959894629612865, 0.680779546187228, 0.609297181327871, 0.5894132331233697, 0.628350014654582, 0.6078064237504998, 0.6164905313837449, 0.6090436935424804, 0.6242462396301679, 0.6571650426979833, 0.6156223386726123, 0.6467522860533439, 0.6143023635557033, 0.6247326850891113, 0.6369825491169155, 0.6560201035569978, 0.6115401518904923, 0.645502913942273, 0.6533805406813653, 0.6349673612965834, 0.6192705475723983, 0.6079054159126026, 0.6497012024437822, 0.6258901068668238, 0.6086720041620651, 0.6277485578652197, 0.6250424381230502, 0.6140960683118577, 0.6215113376130994, 0.6313058207979139, 0.6871982157150371, 0.6205270480469569, 0.6307405725261509, 0.6389183707525266, 0.6269364852393233, 0.6231558560364998, 0.6413317113274696, 0.6231851087480583, 0.6205184747068674, 0.6052190660310272, 0.6415259755537814, 0.6370586306936789, 0.6396628483509857, 0.6091243759257682, 0.6430026424331153]}