{"train_losses": [0.9101358244394042, 0.8453647996537031, 0.8160910384502734, 0.7905748048749969, 0.7623484519767298, 0.7424968684326764, 0.7236180445332632, 0.7053287535091515, 0.691058838704756, 0.678944843387835, 0.6650246742143685, 0.6551832063716558, 0.6431338900640884, 0.6332784136168496, 0.6250894492541771, 0.6142551892711544, 0.6073371393794289, 0.6007502908174704, 0.5936995522476727, 0.5875365353016094, 0.5830862687033034, 0.5767115992775056, 0.5724876805939979, 0.5700317152758809, 0.5663209259847334, 0.5646092603432139, 0.5565631929365202, 0.5561389265006458, 0.5527726781994659, 0.5501560877288844, 0.5487753412467198, 0.5475748060591874, 0.547414555468671, 0.5462753368676817, 0.5423308836459728, 0.5426431054228626, 0.5429141052788847, 0.5418823271175499, 0.539197264773863, 0.5388937869492132, 0.5365213673251622, 0.5331039258483541, 0.5328680818352665, 0.5351512471648504, 0.5341309489294128, 0.5324158567214262, 0.5292046961865313, 0.5291758726793812, 0.5298429307498176, 0.5265754812575196, 0.5253957152308817, 0.5252493798665299, 0.5267424592840739, 0.5234893065493437, 0.5252086199033424, 0.5222605569110151, 0.5215461528041041, 0.5224656946772804, 0.5236814677455104, 0.5215608130835099], "val_losses": [0.8895679592244453, 0.8547265614090965, 0.8494214302118204, 0.8219408911969053, 0.8245892999614343, 0.8163734737151346, 0.7976970699991782, 0.8095201148440246, 0.7680856651675674, 0.7867866392492455, 0.785769956090741, 0.7694855710987804, 0.7730154446396736, 0.7710334013081858, 0.765443954729322, 0.7610901222272596, 0.7464718522326652, 0.7825542752743955, 0.7620116544582286, 0.7720320273313316, 0.7527972567339577, 0.7680225201860782, 0.761416593875386, 0.7644644874752261, 0.7357818134963633, 0.7609971768025646, 0.7472567152692667, 0.7592545572797442, 0.7587815813163327, 0.7679188490340074, 0.7631648150088062, 0.7789910947509129, 0.7407331941989057, 0.7491472380569746, 0.7417567487081413, 0.7494487950788506, 0.7705762000775378, 0.7615134169254886, 0.7560383220698204, 0.7696125124742131, 0.7547745067964504, 0.7523087161708323, 0.744891215336166, 0.758115936147852, 0.7750071746576694, 0.8105202033037794, 0.7687543143444782, 0.7731392027229467, 0.736116620720196, 0.7533324302917676, 0.7534046168065923, 0.7539991833532219, 0.7591741344435474, 0.7543134748850123, 0.7731834665792666, 0.7620389395641182, 0.7771059263321527, 0.7612723147349716, 0.752327876281157, 0.7598490786701226]}