{"train_losses": [0.7484856197976658, 0.658280776455871, 0.6138102818513528, 0.5826535037929176, 0.5641433667403001, 0.5488537451263167, 0.5414231768714057, 0.5267653581016084, 0.5257289576897254, 0.5193666459760096, 0.5175082909347665, 0.5082915627243172, 0.5014499462812375, 0.49661678398980036, 0.5048073545765673, 0.49699772792392305, 0.49607451572581235, 0.49111354633885573, 0.4920864679059412, 0.48622688047294943, 0.4826926321045965, 0.4822397920820448, 0.4859755378788353, 0.47708747073116464, 0.483920987985073, 0.47476525745228826, 0.4742337064987574, 0.47616171774904953, 0.48776376354184925, 0.43488633579678004, 0.43014894617520844, 0.4219441981682411, 0.41826015971257136, 0.41422348976135254, 0.4214314472165882, 0.410587557328053, 0.4098164569170047, 0.40605023296062764, 0.405906923766829, 0.40469664604643474, 0.4040866180322109, 0.39964985664889346, 0.4002561563834166, 0.40235491103799936, 0.41115164321508163, 0.3977701972896217, 0.396053685261653, 0.3915156962239844, 0.3919767675970355, 0.39083976457057856, 0.38959475469996785, 0.39577546669071556, 0.6844380586086175, 0.5774879317324386, 0.5348007506835155, 0.5141522631033872, 0.4915461293897058, 0.4753074041350275, 0.46348119132539145, 0.45315960986797627], "val_losses": [0.7609065866062784, 0.7027000681559245, 0.6754995129251072, 0.6688460292979184, 0.6869276648301345, 0.6715153876736633, 0.6629689911084298, 0.671685363084842, 0.6549517510895037, 0.6452280740656404, 0.6169612001761412, 0.6514080197586972, 0.6224800271254319, 0.6306698779570751, 0.6569482271895449, 0.6363921462164985, 0.6583395323794112, 0.6250395288222875, 0.621262345599313, 0.666527748596974, 0.6476625170259395, 0.7103814645098825, 0.639096126230354, 0.6405980038439106, 0.6217176174913717, 0.6547897113897861, 0.6648953755696615, 0.6461355528872237, 0.6418569841955462, 0.6778184468522032, 0.6252028790498391, 0.6121096448001698, 0.6526991855588734, 0.6329207659990359, 0.6664349707579001, 0.638296692514012, 0.6388481808523846, 0.6511679538498577, 0.6516950864873381, 0.6706935789646247, 0.641825666509123, 0.7081447495354547, 0.6571591823936528, 0.6332832230461969, 0.644675032134749, 0.665508186470749, 0.640004916965452, 0.6556085200187487, 0.6605989462697608, 0.6494594481052497, 0.641473932999831, 0.9988169407640767, 0.6640076148204315, 0.6530319058997, 0.6778017828199598, 0.6575096725398659, 0.6417759015009954, 0.6498242150005112, 0.6232945941044734, 0.6322420469104735]}