{"train_losses": [0.6769690096294461, 0.5901155026306459, 0.5595940048658669, 0.5422494205685716, 0.5299512539676685, 0.5190169058085686, 0.513621188187719, 0.5068411882582622, 0.5022429227493516, 0.4992382589560657, 0.5001880187892435, 0.4953086664784494, 0.4904028387788552, 0.4884078348533592, 0.4861979494430312, 0.4839328340597488, 0.4833116068911912, 0.4798287698084386, 0.48018991784713977, 0.47614360971307035, 0.47538296739779523, 0.47497976426742783, 0.4748146909972531, 0.4721569659458333, 0.430710111618042, 0.42450874093788954, 0.4217370094797719, 0.41911332165895393, 0.4149915138608846, 0.4126859920731741, 0.41135632717190074, 0.4103646620170555, 0.4081059853826935, 0.4071172313594339, 0.4100198320455887, 0.4055126773316656, 0.4045848655317297, 0.41735384340142484, 0.40323537497784023, 0.4006142303236765], "train_accs": [0.7422680412371134, 0.753913707521955, 0.751304569173985, 0.7498409061982945, 0.752640957108311, 0.7540409825633193, 0.7703321878579611, 0.738513427516864, 0.7705867379406899, 0.750668193967163, 0.7592592592592593, 0.7462135675194095, 0.7586228840524373, 0.7633956981036019, 0.7418862161130202, 0.7626956853760978, 0.7456408298332697, 0.7607229222349497, 0.7602138220694922, 0.7342497136311569, 0.7495227185948835, 0.7573501336387934, 0.768995799923635, 0.7483136057019218, 0.7807051037291587, 0.7736413389334351, 0.7711594756268296, 0.7666412116583938, 0.772941326205931, 0.777205040091638, 0.7809596538118875, 0.7798778159602902, 0.7775868652157312, 0.7848415425735014, 0.7724322260404735, 0.7811505663739341, 0.7804505536464299, 0.7793050782741504, 0.7868779432353316, 0.7773323151330024], "val_accs": [0.635525141326986, 0.6584349895864327, 0.648318952692651, 0.6364177328176138, 0.648318952692651, 0.6393930377863731, 0.6593275810770604, 0.6301695923832192, 0.6480214221957751, 0.6316572448675989, 0.6501041356739066, 0.6268967569175841, 0.6328473668551027, 0.6343350193394823, 0.6224337994644451, 0.6221362689675691, 0.6191609639988099, 0.6316572448675989, 0.6373103243082416, 0.6084498661112764, 0.6283844094019637, 0.6307646533769712, 0.6343350193394823, 0.6111276405831598, 0.6349300803332342, 0.6173757810175543, 0.6206486164831895, 0.6170782505206783, 0.6105325795894079, 0.6158881285331747, 0.6248140434394526, 0.6307646533769712, 0.6170782505206783, 0.631359714370723, 0.6173757810175543, 0.6289794703957156, 0.6292770008925915, 0.6123177625706635, 0.6331448973519785, 0.6123177625706635]}