{"train_losses": [1.9841174108397541], "train_accs": [0.4049958565171067], "val_losses": [1.698982592537397], "val_accs": [0.46159300401796266]}