{"train_losses": [2.060489390028205, 1.754795706044912], "train_accs": [0.3853439090801468, 0.457677281875222], "val_losses": [1.8862735437912965, 1.6253853967301926], "val_accs": [0.415268258095013, 0.4927913022926022]}