{"train_losses": [2.3226830825511637], "train_accs": [0.3277761918355695], "val_losses": [2.126866992136495], "val_accs": [0.37603416066186285]}