{"train_losses": [2.278282260200551], "train_accs": [0.3381101912646303], "val_losses": [1.9548634478083158], "val_accs": [0.4099279423538831]}