{"train_losses": [0.850686820791549, 0.774372512144201, 0.7321047566357781, 0.7021161019621777, 0.6798564713582271, 0.6635525568793802, 0.6482884708853329, 0.6362331696999173, 0.6262992074416132, 0.6181059693942885, 0.6106543081641531, 0.6042385948993245, 0.5994049386256883, 0.5933173736604322, 0.5911216954730806, 0.5870703230518587, 0.5846020315955667, 0.581386418954331, 0.5772740130063866, 0.5747771419664057, 0.5726087078340247, 0.5700670629602854, 0.5682342404010249, 0.5656762280717951, 0.5638564197155608, 0.5625097030564851, 0.5602573602286374, 0.5586583415333296, 0.5560378499925971, 0.5551870675340754, 0.5535272906915146, 0.5531649974641346, 0.5510219388529032, 0.5493636371121019, 0.5490514697066876, 0.5485301089193306, 0.5470271759620902, 0.5457909414040274, 0.5455021665022821, 0.5435307887689073, 0.5425219971472476, 0.5414052046554095, 0.5398979730258803, 0.5391361156538421, 0.538286419994023, 0.5382198310659713, 0.5367625727560006, 0.53607697757753, 0.5359215491906602, 0.5350788558404319, 0.5348071178628617, 0.5349538350359064, 0.5330219929211614, 0.5327266254051058, 0.5324947626931327, 0.5314391289932721, 0.5313178203059178, 0.5309838807028548, 0.5302732913233653, 0.5301647418259906], "val_losses": [0.81796727955859, 0.7922381919114274, 0.7547361430190079, 0.7469505881624772, 0.7378605698029738, 0.728884547622199, 0.7234502856074383, 0.7309081226392355, 0.7068081994492845, 0.7066737153895173, 0.7026871734017949, 0.7101793781971588, 0.7025171776115796, 0.7103550286662411, 0.7099479825006755, 0.6993465453835516, 0.6995560013549762, 0.7002065850343183, 0.7014862476641044, 0.699544083816279, 0.705808307573182, 0.6896652955978242, 0.6981288197603288, 0.7040325414401352, 0.7031073034590725, 0.700794679501899, 0.6949326130335683, 0.6992515815907944, 0.7081613604281946, 0.6945199575455697, 0.7059304639252103, 0.6926836568460992, 0.7000773980594521, 0.7005706623834557, 0.693628067955776, 0.703730287101445, 0.6910208991688443, 0.7140761063085399, 0.6997700097229107, 0.7062427390732957, 0.694887604012126, 0.7042791540742518, 0.6986858082679274, 0.6945708027133423, 0.6859929278867486, 0.6862481046459952, 0.6839150037191976, 0.7021724051208289, 0.6968263908501896, 0.691780076624958, 0.6970680197635457, 0.6908545594118275, 0.6882522417813587, 0.6994395212125601, 0.7004561629235576, 0.6962503652206902, 0.6913181239922143, 0.6980682219786357, 0.6931745384551621, 0.7045007463968308]}