{"train_losses": [0.6770235263885014, 0.5373608436786308, 0.48661618203460855, 0.4462610869634719, 0.4166909931727818, 0.3897960914329246, 0.37037054382808626, 0.35630519590428267, 0.34663739477894295, 0.3324106976140744, 0.32120452834437135, 0.31614456207033187, 0.315907775212848, 0.31379607857598196, 0.3107566228190427, 0.2972771750556098, 0.29161112675338824, 0.2883664783497967, 0.2881148664484579, 0.2898546537772688, 0.28441040848424193, 0.28838705640116696, 0.2824549439041703, 0.2800986934439846, 0.27861676649063355, 0.2753502730515899, 0.27597550179214075, 0.2731404336999964, 0.26924729521817, 0.2698630790508613, 0.26941450845627557, 0.2675099913581969, 0.26613827405657087, 0.2664846808620231, 0.27028257323572874, 0.2641473540250586, 0.2618996831500341, 0.2627316967393986, 0.2648041109357561, 0.2593932630952704, 0.2657809200589619, 0.26020528518838226, 0.2640226267052706, 0.2579138852477704, 0.25991071868573545, 0.26087173494207794, 0.2566151119010158, 0.25485318941792484, 0.259511607074233, 0.264713736034575, 0.25145599197710633, 0.25470831145432893, 0.25170717235343165, 0.2551208150954474, 0.2579431359023644, 0.25653367404836824, 0.251349734715053, 0.2530384430254578, 0.2544842728710679, 0.26505360888930224], "val_losses": [0.6119166738209707, 0.5938646303952395, 0.60755797738994, 0.5490793637565641, 0.5430624687278663, 0.5660698452624646, 0.5571242183643383, 0.5462864883478744, 0.540884888897012, 0.5408302367213882, 0.5175348362905202, 0.5652260535103935, 0.5795654405866351, 0.5341217296726101, 0.5498816634796478, 0.55231078235221, 0.5434179674924074, 0.5462641651027805, 0.5620703615461077, 0.5916876660860502, 0.6382420363094344, 0.56936887887808, 0.5630149201333741, 0.5484125560718578, 0.5788943004957485, 0.5466841159024082, 0.5458773742228638, 0.5471068584176647, 0.591202015719571, 0.5510441547435718, 0.5341420329446758, 0.5397749596899682, 0.533352290562221, 0.5128152207315186, 0.5587779954064896, 0.5267180000556694, 0.5747179764967698, 0.5578606463701297, 0.5301538104102725, 0.5659328776488811, 0.5482844711136032, 0.5637355752742335, 0.5737183838449555, 0.5561587305034037, 0.5785279105609153, 0.5612843888670533, 0.554719845418965, 0.5282685164566878, 0.5588486906897018, 0.5501837388761751, 0.5455348689040859, 0.5894386059547956, 0.5643098234518981, 0.5494914344815545, 0.5499750267280327, 0.5723102628267729, 0.5663838883284684, 0.5762949515262367, 0.5646088591076079, 0.5547300794273069]}