{"train_losses": [1.7073711639651494, 1.4424270326504827, 1.3789048595175653, 1.3402299164672313, 1.3181695292027604, 1.3035679018023438, 1.2920132961469828, 1.2856125206589173, 1.2804343640716507, 1.2770314518587227, 1.2736722176485806, 1.2679623841185985, 1.265962043110506, 1.2647681229244452, 1.2628829363343994, 1.261036938876572, 1.2581742164488219, 1.2579800236383138, 1.2516708626838426, 1.253868837595337, 1.247559095166393, 1.2504078804656578, 1.253688263085524, 1.2485725869135231, 1.2476358006383252, 1.2590476332427125, 1.2498125320681768, 1.2483182311584742, 1.2472569700193334, 1.2265167643641162, 1.2141233705456023, 1.2103976894373043, 1.2109635287075577, 1.207498648731979, 1.2074287664556713, 1.2051577476759898, 1.2094735944745116, 1.2038625301422883, 1.2024110968228818, 1.2058226075544625, 1.1973950409924334, 1.2003425884668184, 1.1971938114980887, 1.203565864394445, 1.1942168756858589, 1.1998007595978009, 1.1948925686865737, 1.1969810367859517, 1.1959596501885528, 1.1896542695204182, 1.193045329626249, 1.1877198830268871, 1.1917374938155836, 1.1928325324416686, 1.1872981707723222, 1.1900181672007768, 1.1856394186286758, 1.18770595292104, 1.1832189693366657, 1.183420898285811], "train_accs": [0.8098421391752577, 0.8381926546391752, 0.8419780927835051, 0.8530927835051546, 0.8580057989690721, 0.8501932989690721, 0.8505960051546392, 0.8617912371134021, 0.8604220360824743, 0.8652545103092784, 0.8574420103092784, 0.8656572164948454, 0.8708923969072165, 0.8690399484536082, 0.8679123711340206, 0.8614690721649485, 0.8693621134020618, 0.8749194587628866, 0.8685567010309279, 0.8645296391752577, 0.8733086340206185, 0.857764175257732, 0.8696842783505154, 0.858972293814433, 0.8682345360824743, 0.8547841494845361, 0.8569587628865979, 0.8646907216494846, 0.8546230670103093, 0.8849871134020618, 0.8869201030927835, 0.8874033505154639, 0.8887725515463918, 0.8860341494845361, 0.8916720360824743, 0.8813627577319587, 0.8876449742268041, 0.8992429123711341, 0.8913498711340206, 0.8870811855670103, 0.8953769329896907, 0.8919136597938144, 0.8952963917525774, 0.8973099226804123, 0.8919942010309279, 0.8954574742268041, 0.8945715206185567, 0.8925579896907216, 0.8985985824742269, 0.898034793814433, 0.8998872422680413, 0.9048807989690721, 0.8920747422680413, 0.8960212628865979, 0.9039948453608248, 0.9029478092783505, 0.9023034793814433, 0.9021423969072165, 0.9023034793814433, 0.8940077319587629], "val_accs": [0.737890625, 0.76796875, 0.769921875, 0.779296875, 0.7859375, 0.776953125, 0.77578125, 0.7734375, 0.785546875, 0.79140625, 0.790625, 0.784375, 0.789453125, 0.79375, 0.788671875, 0.791015625, 0.7921875, 0.790625, 0.793359375, 0.792578125, 0.794921875, 0.78984375, 0.791796875, 0.7875, 0.79453125, 0.775, 0.78671875, 0.776953125, 0.782421875, 0.805859375, 0.792578125, 0.8015625, 0.8078125, 0.80703125, 0.803125, 0.80390625, 0.8046875, 0.816796875, 0.810546875, 0.79140625, 0.8078125, 0.801953125, 0.814453125, 0.80546875, 0.796484375, 0.814453125, 0.8140625, 0.809375, 0.816015625, 0.81171875, 0.813671875, 0.821875, 0.811328125, 0.814453125, 0.808203125, 0.8109375, 0.803125, 0.812109375, 0.809765625, 0.805859375]}