{"train_losses": [2.284890593333548, 1.9855150254086498, 1.860209146050974, 1.775638832577698, 1.712293257000036, 1.6581867645442265, 1.6140227067821067, 1.5808335943627692, 1.5580920037629773, 1.5109929470617092, 1.4967008297694535, 1.461695841377611, 1.43429576035673, 1.3999865367485393, 1.3851296417855414, 1.3465917272224721, 1.3255706271341179, 1.3241711010158386, 1.305826403323562, 1.0574992191372958, 1.0249893761586366, 1.0212336228535648, 1.0059063024089365, 0.9778632151682377, 0.9782376898039487, 0.9595028977920899, 0.9436953157620399, 0.9438036478828302, 0.9212962138118521, 0.9117249184188385, 0.895807218347452, 0.8926746311577054, 0.8717160053298094, 0.8750448813616736, 0.8798046419391148, 0.9002581061140796, 0.8502987438530504, 0.8523481937738409, 0.840646446394369, 0.824233188814277, 0.8018293593190514, 0.790596053813343, 0.7985999888942271, 0.792152719384699, 0.7771306495955084, 0.7751602567606847, 0.7825944546798349, 0.7862934971583968, 0.7542515471701006, 0.7333751223205057, 0.7319807612280012, 0.8210403454055318, 0.750574362842893, 0.7228525779943551, 0.7143157391625746, 0.7180830247940556, 0.7160037448873801, 0.7057407255176813, 0.6980357140566396, 0.49878340471379595, 0.4550902880007221, 0.4359832229510124, 0.43496169399575374, 0.4300657046817896, 0.4296642577107076, 0.4290255877721864, 0.4144657556904475, 0.4019012959963793, 0.43721020851446973, 0.40133129292102054, 0.40401770832570594, 0.41744352794190387, 0.41843762170951976, 0.40428456550082786, 0.4001764349756396, 0.3970515820168782, 0.4337949590022109, 0.3772346007783107, 0.3899439908319496, 0.3703054918116105, 0.35114797781339346, 0.3748922053470361, 0.3613136972405725, 0.34294739671853347, 0.34877891432820407, 0.3362659139239104, 0.36436518884167957, 0.35864820803807795, 0.36268590241202686, 0.33296273873936544, 0.34053617576820455, 0.3265763126183945, 0.3441506575370835, 0.34642051566235854, 0.3276672137862371, 0.32779381933499496, 0.32581021399828763, 0.3210090168775438, 0.30635476244234405, 0.27848064363292035], "train_accs": [0.33976591493006, 0.402683414216386, 0.43608335712246643, 0.4616614330573794, 0.4817013988010277, 0.4954610333999429, 0.5068798172994576, 0.5178989437624893, 0.5249214958606908, 0.5465029974307736, 0.5430773622609192, 0.5554096488723951, 0.5655723665429632, 0.5746502997430774, 0.5787610619469027, 0.591036254638881, 0.5990864972880389, 0.5998287182415073, 0.6067941764202113, 0.6168427062517842, 0.6215815015700827, 0.6263202968883814, 0.6264915786468741, 0.6373965172709106, 0.6359120753639738, 0.6438481301741364, 0.6483585498144447, 0.6513845275478162, 0.6572652012560662, 0.6577219526120468, 0.664116471595775, 0.666000570939195, 0.6687981729945761, 0.670682272337996, 0.6699971453040251, 0.6616043391378819, 0.6797602055381102, 0.6799885812161005, 0.6838138738224379, 0.6876391664287753, 0.6897516414501855, 0.6980873536968313, 0.6947188124464745, 0.6980302597773337, 0.7036254638880959, 0.7027690550956324, 0.7020839280616614, 0.7003140165572367, 0.713788181558664, 0.7192691978304311, 0.7177276620039966, 0.6898658292891807, 0.7149871538681131, 0.7210962032543534, 0.7236083357122467, 0.721153297173851, 0.7268626891236083, 0.7275478161575792, 0.7274907222380816, 0.761575792178133, 0.7728803882386526, 0.7794461889808736, 0.7811019126463031, 0.7784184984299172, 0.7822437910362546, 0.7814444761632886, 0.7796745646588639, 0.7912075363973737, 0.7737938909506138, 0.7889237796174707, 0.7881815586640023, 0.7803596916928347, 0.7775049957179561, 0.7885241221809878, 0.7858407079646018, 0.7905224093634028, 0.7741364544675992, 0.7966885526691407, 0.7893234370539538, 0.7978875249785898, 0.8023408506994005, 0.7958892377961747, 0.8006280331144733, 0.8029688838138738, 0.8031401655723666, 0.8046246074793034, 0.7956608621181844, 0.7974878675421068, 0.8000570939194975, 0.8088495575221238, 0.805366828432772, 0.8079360548101627, 0.8063945189837283, 0.8046246074793034, 0.8103910933485584, 0.8122751926919783, 0.8091921210391093, 0.8122751926919783, 0.8190693691121895, 0.8019411932629175], "val_losses": [2.278889147924174, 1.881449380937754, 1.7438696907589142, 1.710662857767802, 1.6340873599020616, 1.6377481211653893, 1.6334586248481817, 1.8442301410403226, 1.5871067327723873, 1.6333545998379106, 1.7250053608993354, 1.6201218319855468, 1.4557404247067087, 1.5457235316069629, 1.3672573614794954, 1.39576995350502, 1.5193915150787216, 1.5906811382791537, 1.3627459975538618, 1.0748177398068763, 1.1077291527715785, 1.0789278691248287, 1.012587033242011, 1.1383422897884552, 1.0699242948054122, 1.3448705712667872, 1.167815022446933, 1.1090545569670052, 1.2147704542621727, 1.0420509030540879, 1.0048436795293982, 1.0135948759796207, 1.25279642742158, 1.0288996524673353, 1.261501096743789, 1.045304354712713, 1.0078936688321605, 1.1233291222567492, 1.0200679365844767, 1.1106982199961832, 1.2277077439310458, 1.1782748363226103, 0.9584206933494183, 0.9473855386010672, 0.9846277625076543, 1.0294412391994487, 0.9611869472359097, 0.9737467277135917, 1.488076363304694, 0.9291441943889177, 1.046844690171184, 0.9577272624246654, 0.9437730472692973, 0.9178892994105163, 1.0459425054234062, 0.9972181343096939, 0.9751889401510425, 0.8862616245925411, 0.9038106841598157, 0.7118530086367678, 0.7185462141851441, 0.7595797827124818, 0.7430312375179888, 0.8034027652610675, 0.7272820440266398, 0.752595136793639, 0.7567424223777419, 0.722529746419053, 0.8567211414802415, 0.8172595984527897, 0.7592630357083111, 0.8179703715135805, 0.7672682493758068, 0.7836318002690116, 0.7968669800176791, 0.7663064306501964, 0.8103424890027989, 0.8207109151345938, 0.7721154815138325, 0.7663970682059157, 0.8067560411943956, 0.7672312187136794, 0.8023033569041716, 0.7899372404595837, 0.8071276592451125, 0.8282944878355993, 0.760771523643119, 0.842927041866953, 0.8807082732963918, 0.8835568326869137, 0.8434203161632089, 0.8253724512686117, 0.8324555254377045, 0.9076697006841516, 0.8714460323803069, 0.8472076475954323, 0.8793957342234872, 0.851938037577075, 0.8608611631558869, 0.8683548251374231],