{"train_losses": [0.7660037460668254, 0.6892840616194928, 0.6530181418133209, 0.6241940105682692, 0.6049204823114478, 0.5878743267713112, 0.5728202380252844, 0.5596546680888191, 0.5481510525517244, 0.5397413171577737, 0.5312604947040405, 0.5227994544175627, 0.5191976780671121, 0.5139840524960559, 0.5082256112247927, 0.505911212699424, 0.4991737681359008, 0.5000864275095183, 0.49125514087023214, 0.48839372305720824, 0.49868743675902777, 0.48519688199493816, 0.479821388983691, 0.47845153544805447, 0.4821975530632917, 0.4703133200860059, 0.47203418664605357, 0.4729030046534076, 0.4684276494851944, 0.4827807658120168, 0.4741194131001275, 0.4658940273688554, 0.46455363657648624, 0.4645189074816185, 0.4140195705681018, 0.4092951477323666, 0.4044710262656745, 0.4004448207622136, 0.40059482016186776, 0.400037219711281, 0.39739082870824505, 0.39253290247455264, 0.3927656946082762, 0.39198729415870814, 0.3918732250230678, 0.39068879131197753, 0.38725572986858614, 0.3897943717626808, 0.387784113581241, 0.3867249970755883, 0.38345674383444867, 0.3831735430971876, 0.38194440888861075, 0.38219514401658994, 0.3824264455644633, 0.39355139460329147, 0.3757894951810425, 0.3814977193681742, 0.3806496251386253, 0.38613443236486034], "val_losses": [0.7553747275893515, 0.8009519907574933, 0.751820252553503, 0.683819173762384, 0.7032528112343458, 0.7937601856367772, 0.6534524785470908, 0.6662539808056023, 0.6522684265417663, 0.673445942728374, 0.659086239971692, 0.7369916036625589, 0.6873565261191137, 0.6672034785333245, 0.663192382039903, 0.6861144933492048, 0.6667709085444724, 0.6519529523948256, 0.6590389740727713, 0.7005508180537076, 0.6645863633764901, 0.6546237005271077, 0.6974631815428564, 0.7448936846944899, 0.6612098024848965, 0.6730579064548085, 0.6392792708525312, 0.661614569520237, 0.6394316054542813, 0.6609169036197992, 0.6533344496188147, 0.6468099173138687, 0.6579652064140153, 0.675508493438826, 0.6342806817198513, 0.655878217760795, 0.6448887295388243, 0.6554942430643272, 0.6539537961408924, 0.653541828326718, 0.6365882469677678, 0.6508251972439922, 0.6537519787260523, 0.6440591339357155, 0.6750146480863196, 0.6595124539462003, 0.6587442622387779, 0.6773318743074722, 0.6608577153213554, 0.6751441398945447, 0.6477267247102341, 0.658504334549635, 0.6632634068742583, 0.6922185838565453, 0.6710038263915735, 0.6790521754713684, 0.6553151594892882, 0.6606904684578179, 0.6606437707688098, 0.6569677795831573]}