{"train_losses": [0.7764501156910929, 0.6711169545301395, 0.6234973629092873, 0.5927796436915888, 0.5642602351892775, 0.5349706734155197, 0.5159216172227236, 0.49690215749532635, 0.48540268446426155, 0.4721098627702469, 0.4585501929309881, 0.45224568417510513, 0.4506256202745289, 0.4372677447119977, 0.43240349918139687, 0.4242586706583374, 0.41351469954968983, 0.4145124053063794, 0.42371775365692804, 0.41285373964042305, 0.4029517631590181, 0.40139963557044295, 0.39895041415253163, 0.3898809328703123, 0.3287851308810748, 0.33031819339110474, 0.32856955090044443, 0.32446265596467017, 0.32620674671042377, 0.31579462372253986, 0.32520147689035006, 0.32063769370224615, 0.3172495757010867, 0.31794804706751745, 0.44815995902658623, 0.3277003252766214, 0.31125665529494717, 0.31703064058428615, 0.34130758327115734, 0.3239380892192092, 0.3167391009939794, 0.32007904214651045, 0.3167393734596229, 0.3146057449174447, 0.3228629316793424, 0.33016179227383335, 0.33136809839266484, 0.3161892653848523, 0.3132272078166498, 0.3131848229797458, 0.30891619902162165, 0.3071031161037932, 0.3054003802266819, 0.31266308276452753, 0.3065278948578879], "train_accs": [0.7621226718047527, 0.7687861271676301, 0.7769749518304432, 0.7886962106615286, 0.7823538856775851, 0.7821130378933847, 0.7869299935773925, 0.7883750802825947, 0.7968047527296083, 0.8022639691714836, 0.800417469492614, 0.7965639049454079, 0.7956807964033398, 0.7952793834296724, 0.7878131021194605, 0.7976075786769429, 0.8059569685292228, 0.7957610789980732, 0.8039499036608864, 0.8029865125240848, 0.8021034039820167, 0.8029865125240848, 0.8017822736030829, 0.8115767501605652, 0.8206486833654464, 0.8243416827231856, 0.8175176621708413, 0.8275529865125241, 0.8277938342967245, 0.8309248554913294, 0.8164739884393064, 0.8270712909441233, 0.8157514450867052, 0.8327713551701991, 0.8201669877970456, 0.8387122671804753, 0.8267501605651895, 0.8328516377649325, 0.8072414900449583, 0.8313262684649968, 0.8292389210019268, 0.8241811175337187, 0.8315671162491972, 0.8313262684649968, 0.8292389210019268, 0.8243416827231856, 0.8327713551701991, 0.8230571612074502, 0.8387925497752088, 0.8363037893384714, 0.8311657032755299, 0.8295600513808606, 0.8299614643545279, 0.8413615928066795, 0.8390333975594091], "val_accs": [0.670045045045045, 0.6711711711711712, 0.6794294294294294, 0.6831831831831832, 0.6869369369369369, 0.6888138138138138, 0.6880630630630631, 0.6858108108108109, 0.6783033033033034, 0.6824324324324325, 0.6809309309309309, 0.6936936936936937, 0.6824324324324325, 0.676051051051051, 0.6621621621621622, 0.676051051051051, 0.6861861861861862, 0.6835585585585585, 0.68506006006006, 0.6677927927927928, 0.6861861861861862, 0.6843093093093093, 0.6805555555555556, 0.6933183183183184, 0.6854354354354354, 0.6824324324324325, 0.6974474474474475, 0.6963213213213213, 0.6831831831831832, 0.6970720720720721, 0.6835585585585585, 0.6921921921921922, 0.6779279279279279, 0.6955705705705706, 0.6831831831831832, 0.6944444444444444, 0.6880630630630631, 0.6985735735735735, 0.670045045045045, 0.6895645645645646, 0.6798048048048048, 0.6876876876876877, 0.683933933933934, 0.6936936936936937, 0.68506006006006, 0.6816816816816816, 0.6876876876876877, 0.6805555555555556, 0.7019519519519519, 0.6918168168168168, 0.6884384384384384, 0.6884384384384384, 0.6805555555555556, 0.7008258258258259, 0.6940690690690691]}