{"train_losses": [0.914737067328559, 0.8635661984761556, 0.8203150505065918, 0.7819126004536947, 0.7544776247660319, 0.7289050613403321, 0.70252271838718, 0.6841419132656521, 0.6669889736599393, 0.6493751934475369, 0.6319683057149251, 0.6185413440280491, 0.604249589920044, 0.5952406328413221, 0.5879269268035888, 0.5808030260721843, 0.5764835179222955, 0.5741942581176758, 0.5623632763332791, 0.5598547579447428, 0.5548791781107585, 0.5485076796637641, 0.5421437796274821, 0.5395177541097005, 0.5379761611090766, 0.5308353137546116, 0.5381416051228841, 0.5282298242357042, 0.5265567808363173, 0.5272015559726291, 0.5181293752034505, 0.5270215117136637, 0.5254661099751791, 0.518423643069797, 0.5118480523427328, 0.5112791915893554, 0.5191290655348036, 0.5108026481628418, 0.5091593947516547, 0.5051530482821994, 0.510763492541843, 0.5017422192043728, 0.5024607752905952, 0.5022299995846219, 0.5005758692847357, 0.49799268879360625, 0.4989793152279324, 0.49735644700792103, 0.4963314618004693, 0.4952018618689643, 0.4950512328253852, 0.49179370880126955, 0.49566942219204374, 0.48576316257052954, 0.49067846268547904, 0.48966725743611655, 0.4879816573248969, 0.48830616845024954, 0.4934266808827718, 0.4864124247233073], "val_losses": [0.8799216995239257, 0.8931923723574038, 0.8230582230179398, 0.8109087450945819, 0.7749920255872939, 0.7801943401760525, 0.7760998278017397, 0.7916211708916558, 0.7614044082076461, 0.7483361330385562, 0.7548667921843352, 0.7344592395358616, 0.750274904039171, 0.7392052691424335, 0.7136967146131727, 0.7351011392098886, 0.7068416425916884, 0.7405256958007812, 0.7309985608701353, 0.7552801120899342, 0.7522588837235062, 0.7248890553227177, 0.7395660606666847, 0.7250066663953993, 0.7181628432097258, 0.7199037195841471, 0.7253997768825955, 0.7303216872038665, 0.729290485240795, 0.7443369120845088, 0.7301326319376628, 0.7313438520078306, 0.7305916982580114, 0.7399982412832755, 0.7302237059981734, 0.8613183192500362, 0.721876847161187, 0.7258694732100875, 0.7567398890742549, 0.72200569096318, 0.7204880365442347, 0.7219365073310005, 0.7236945300632053, 0.7276383050989221, 0.7020999278315792, 0.7335052088984737, 0.7214466386017976, 0.7225250470196759, 0.7171341179741754, 0.7196439500031648, 0.7581946552417896, 0.7479616535328053, 0.7198647548534252, 0.7130290403012877, 0.745618792215983, 0.7091853160151729, 0.718357820864077, 0.7662915703102394, 0.7493503641199183, 0.7345390164410627]}