{"train_losses": [0.7583711614106831, 0.6735608422756195, 0.6330696962381664, 0.5978334583106794, 0.5684986525774002, 0.5474346826578441, 0.5241484836528175, 0.5115074419034155, 0.5029003453568408, 0.4930149463603371, 0.48012131113755074, 0.47139836317614503, 0.46293859177514124, 0.4522590963777743, 0.4444717549336584, 0.4416060234998402, 0.43305811442826925, 0.4277261850080992, 0.42718561304242986, 0.41866067936545925, 0.411706233526531, 0.40854786747380306, 0.4033429174987893, 0.4073777415564186, 0.3991287110040062, 0.3940633684396744, 0.39272390011109803, 0.3908099480051743, 0.3920489765468397, 0.3335195727724778, 0.3317280814992754, 0.3283150116079732, 0.323696722403953, 0.3280967305992779, 0.3137602780524053, 0.328875648347955, 0.3135057991899942, 0.3193303170800209, 0.3181047504512887, 0.31331627842627074, 0.3160875877894853, 0.31458995873990814, 0.31310123758880715, 0.32130243508439316, 0.3084454933906856, 0.31277439285265773, 0.3324566306879646, 0.3087524242934428, 0.3128195263523805, 0.308808071330974, 0.3096510098952996, 0.30987368848763014, 0.3033974842805611, 0.3063909306808522, 0.3104173566949995, 0.3097258298804885, 0.30066030492908075, 0.3084278805475486, 0.30590032833187203, 0.30845444172620773], "val_losses": [0.6849954085419143, 0.6725654480422752, 0.6504767393029255, 0.6211473835378454, 0.6149838088215261, 0.6271828768909842, 0.6364283641870471, 0.618292215457861, 0.6343902004628942, 0.6167666330199311, 0.6064159080947655, 0.6709481283547222, 0.6357882422295169, 0.6198196275683416, 0.616437333424886, 0.612505134637805, 0.6341218821207683, 0.6359584142159724, 0.6257958674776382, 0.6380480406940847, 0.6094259151514025, 0.6451941957335541, 0.6210119194915329, 0.6172317706674769, 0.6219379552205404, 0.6404643990336985, 0.6359397722327191, 0.637654509337052, 0.6146994905886443, 0.6161697425013003, 0.6255519692794136, 0.6322775381889896, 0.6506626975018045, 0.6419508538729902, 0.6266158361020295, 0.6207139841715494, 0.6293810453276704, 0.6351449814395628, 0.63361804464589, 0.6368172913703366, 0.6261899678603463, 0.6273728401073511, 0.6076444788946622, 0.6396330504486526, 0.6621253746143286, 0.6242508448725161, 0.6346964780835138, 0.6150521883757218, 0.6311767614060554, 0.6390814369312231, 0.6167860086413397, 0.6289562554290329, 0.666672166188558, 0.6486427553149238, 0.6346753938647284, 0.6145956274391948, 0.6419353363479393, 0.6227110778421595, 0.6363020543084629, 0.626982638594033]}