{"train_losses": [0.7782324300160529, 0.6886514581489848, 0.6507339143710413, 0.6209621260254998, 0.5992913721940201, 0.5803946029049096, 0.5628307501029683, 0.5502696513646406, 0.5389739618429307, 0.5281253388087902, 0.5236057741077043, 0.5152123983187042, 0.5099731040533892, 0.5061590253258604, 0.5007727476480999, 0.5020661871920045, 0.4945464718586997, 0.49213207302860995, 0.48769190560581077, 0.4855259236365601, 0.48296774678578497, 0.47825718650306215, 0.4778890838395643, 0.4740242623387435, 0.4769656225849726, 0.46929686897380163, 0.4685841114936749, 0.4706816956794386, 0.46928834906633493, 0.46295083804635107, 0.46151912608480666, 0.45946885103546914, 0.46062465482390585, 0.4590074235714317, 0.40676778867809676, 0.4032004603515261, 0.3980249611048691, 0.39584964237127857, 0.39670174741105424, 0.3937471701882102, 0.3972982356018885, 0.38757280127444316, 0.3905902374767866, 0.38973049342330274, 0.39169689509339195, 0.39274062755601774, 0.3945259343245346, 0.3859977683281934, 0.3871013594739661, 0.3892173454637144, 0.3912921815010901, 0.39197549004135473, 0.3858187366377579, 0.3904940420000102, 0.3825311759800918, 0.38449272301300097, 0.3825506481278671, 0.38501181205374296, 0.38134821257044055, 0.38208062246126495], "val_losses": [0.7494009366051922, 0.7363878026683531, 0.7233986513688732, 0.6897835144815566, 0.6695637582443115, 0.6929561614112283, 0.6709976478989297, 0.6889981547927417, 0.6484268873278373, 0.6689054117323477, 0.701203255955177, 0.6567719966769905, 0.670637693591716, 0.6974109970110333, 0.6715876062390994, 0.6893583377184062, 0.6639497085764439, 0.645928794588675, 0.6717153091342869, 0.6860664216668203, 0.6624166418850354, 0.669340511098144, 0.6785501506002095, 0.6801694262891973, 0.6514886221759476, 0.6568503697859541, 0.6735297845943613, 0.6616146481846501, 0.6687268171760374, 0.6606022115516443, 0.6565237454852246, 0.6544520596942089, 0.6569026682758221, 0.6696202306890103, 0.6522830000022476, 0.6448125139067444, 0.6456528310479448, 0.6477960953092411, 0.6416448281028054, 0.6517016206484533, 0.644587754577707, 0.6593897955820942, 0.648641807635168, 0.6587908456185607, 0.6576047681801888, 0.6617842753490453, 0.6414049057691638, 0.6527724715782666, 0.6526943033830754, 0.6620245600130807, 0.6583224575099792, 0.686796928203833, 0.6627791713982375, 0.6653186612848034, 0.6548382889689456, 0.651747688670976, 0.656134145580858, 0.6611283719992336, 0.6599310852331726, 0.6787517620477358]}