{"train_losses": [0.7848119849760735, 0.7038630243292864, 0.6605668028875541, 0.6219385145844006, 0.5963051357127159, 0.5710372163229657, 0.5534837404072018, 0.5401443722493247, 0.5247040475313781, 0.5138112521221314, 0.5017603704279119, 0.4910868847956423, 0.4847693653135115, 0.4765810895712294, 0.4717244594704732, 0.46502160680915844, 0.464750196294884, 0.4572989421452211, 0.45290884522212066, 0.4548058244958187, 0.4475359509350113, 0.4491441401383561, 0.4434585239507047, 0.4406871611684694, 0.4368918671700354, 0.4355421483683693, 0.4400857281066622, 0.4342190334359864, 0.4323775315945621, 0.4303297469114937, 0.4285192240730661, 0.4266042423390418, 0.425446096019489, 0.42327265634550953, 0.36777690386025985, 0.35853336374024164, 0.35829256513115193, 0.35370230407260034, 0.35415852400300757, 0.3516958511056914, 0.35368567260651224, 0.3493243246405384, 0.34940234613773896, 0.3484241532213464, 0.3467803430457762, 0.34527733021947915, 0.3457071676694867, 0.34424247292576887, 0.3481473723523841, 0.3389699394464848, 0.3425514282135601, 0.3439191149784094, 0.33888718663313705, 0.33845182783237693, 0.3397387852334763, 0.3339575900946218, 0.34869595406272197, 0.33470734141729275, 0.3360540771939182, 0.3544441795405972], "val_losses": [0.7957704840375859, 0.7490995832471771, 0.6681761985928061, 0.7274261269168831, 0.6886698270914058, 0.7694004454793809, 0.6495376207639214, 0.6604985912046444, 0.6741803291066195, 0.6630935693527942, 0.6529049489467958, 0.6343406736946764, 0.6376589119475511, 0.6568986205703508, 0.6971678151085682, 0.6679490795069651, 0.6566220979503987, 0.6479079236205071, 0.6598871634497604, 0.6451802571321933, 0.6455340893990151, 0.6333446563264169, 0.671382992374609, 0.6632915490680514, 0.6626822701861312, 0.653359618280233, 0.6412391676644873, 0.6702579848593481, 0.709871420734085, 0.6375436938673223, 0.6514339572568483, 0.6351456046680587, 0.6312662784413995, 0.6203438642741073, 0.6470957871273554, 0.6297097906501165, 0.6269586776891429, 0.6364166203576759, 0.6467020087028126, 0.6949635481752103, 0.6407567592045792, 0.6385681230481393, 0.6615729283024444, 0.6490868884263297, 0.6606994632418054, 0.6491777210652623, 0.6448287979670306, 0.6738398819935473, 0.6576079756865155, 0.6267435126090626, 0.6415205219123937, 0.6615033529652551, 0.6447583348457503, 0.6587659564089583, 0.6601024057895323, 0.6602873328310985, 0.6387947263377446, 0.6498927315908417, 0.6455459235644587, 0.6435244369945812]}