{"train_losses": [0.8884162150649859, 0.7464213431269383, 0.6825805763360476, 0.6425073984439875, 0.6091353692408498, 0.591532881399556, 0.5584730439175752, 0.540783815073605, 0.5199410213462184, 0.5107653453603483, 0.5110649981467688, 0.4888858672698511, 0.4828595963269149, 0.46921226844870345, 0.4735958057577336, 0.4633756848995184, 0.47395040950651024, 0.45470886400102795, 0.45590764291891567, 0.45521486741601774, 0.4492732016590309, 0.4410040928639973, 0.4386657107884868, 0.4391093860220754, 0.4441563822649048, 0.4262708546851566, 0.428849244562509, 0.4315851310018345, 0.42526263408702264, 0.4222284433691724, 0.42480036402472704, 0.4211832274066652, 0.4157669238671822, 0.4149083993543513, 0.41278286580149887, 0.41884142484685605, 0.4097250810983124, 0.4059241007724191, 0.40350548804194186, 0.41210862414180066, 0.4065639929037032, 0.410291674731869, 0.40379492323207233, 0.40114293708718524, 0.4010553154355792, 0.40529761171651246, 0.39798262014823466, 0.40056470933032917, 0.4038475448707696, 0.39688394062431154, 0.3989309573638982, 0.3902611657595686, 0.3960693829385422, 0.39879175252355875, 0.3919641779405176, 0.39870277483396055, 0.38557490512243836, 0.39098644384851683, 0.3889284374708726, 0.3962062268039927], "val_losses": [0.7951822686493616, 0.7771059627125946, 0.7495543905879927, 0.7428578860273776, 0.7169530156958709, 0.7147069702260717, 0.7082665402017331, 0.7288997459271271, 0.7028274567009685, 0.6982620407677118, 0.6875943706700519, 0.6823813375960035, 0.69149980411712, 0.6815228350641449, 0.7302740179852056, 0.6772930852624754, 0.6735282945668022, 0.6646539880389059, 0.6764164664273405, 0.6795480490958893, 0.689108444505794, 0.6930712140597693, 0.6838468137604949, 0.6843552654678985, 0.6706422989643874, 0.6846265114958976, 0.6973518918944773, 0.6929696392539321, 0.661887469372388, 0.6895754072401259, 0.7202497556684998, 0.6809055056091263, 0.7286697443835081, 0.6657470251199864, 0.6837945689691877, 0.6833065089098753, 0.6900317758387551, 0.6863050088889464, 0.6848612762181701, 0.6826813016418501, 0.6711831486514599, 0.6632585835684915, 0.6795023737802849, 0.6792328242960881, 0.6810922334964351, 0.6963977771615877, 0.6528730553857889, 0.6871304349920344, 0.6890546819758467, 0.6892396501621136, 0.6741984248775345, 0.668131321225647, 0.6977851078912035, 0.6735647385395828, 0.6758588152303688, 0.7187773939614089, 0.6736619858113697, 0.6797684139675564, 0.6753167273807035, 0.6800878523376779]}