{"train_losses": [0.8578855749387112, 0.8021817179216706, 0.7714892117443064, 0.751481061007965, 0.7370163494261822, 0.7262241471001225, 0.7175802620646684, 0.7101579654602894, 0.7057082921404618, 0.6990940934174172, 0.6952281918918263, 0.6920140832908097, 0.6883643212188492, 0.6849891754607085, 0.6819404964762671, 0.679156888136796, 0.6772808403905948, 0.6746739241883661, 0.6729130055390125, 0.6710678527691875, 0.6690279492320742, 0.6685514351110655, 0.6676126396929136, 0.6669775994419165, 0.6650658528265769, 0.664695363513427, 0.6626909364519755, 0.6616318454219846, 0.6612058862049851, 0.6601649948228032, 0.6604002180826655, 0.659934690579564, 0.6596953060404396, 0.6584521185978257, 0.6573785574489462, 0.657875634843321, 0.6573508579666472, 0.6562890353092504, 0.6571744259519472, 0.6561881652888123, 0.6554098088858068, 0.6557072288335315, 0.6544345340157041, 0.6534896527414252, 0.6534807715631957, 0.6519646085010973, 0.6518121704508119, 0.6525791213069952, 0.6519918181869586, 0.650759198164356, 0.6510715286604307, 0.6519396471017476, 0.6496151397717344, 0.6498393655468577, 0.6500703281838148, 0.6509931261911253, 0.6506683265256938, 0.6501216834676368, 0.6500148514657804, 0.6486366334358312], "val_losses": [0.8470256760149282, 0.8154915806918687, 0.7984511661210579, 0.7899708314185747, 0.7911417164899879, 0.7650628691807551, 0.7607269175820709, 0.7551369813467375, 0.7621276887901447, 0.7634924969066584, 0.7512411384268924, 0.7415792575167138, 0.7474823834301711, 0.7739916072243586, 0.7433233342289506, 0.7602870069970581, 0.7485971475348789, 0.7461441650377906, 0.7432606079619214, 0.7383254158611996, 0.7490720599953411, 0.7396576508979181, 0.7556588765435318, 0.7390459759541897, 0.744334365054736, 0.755556791608744, 0.7456686762610198, 0.734592154872198, 0.7455846177054464, 0.7331374197897429, 0.7384816931301026, 0.7447276061015208, 0.7419303762801834, 0.7380489207591422, 0.7439141277622178, 0.7470235911330502, 0.7290413711026226, 0.7315715168684925, 0.7447899805373801, 0.7379344362001179, 0.7445941546150665, 0.7639119233817493, 0.7375470029908695, 0.7327065048266264, 0.7332411632436291, 0.7403741834540681, 0.7610635236674949, 0.7276335734461141, 0.7389248175728198, 0.7403163252712788, 0.7317174975509879, 0.7312779912618022, 0.7454684024486742, 0.7333839063798325, 0.7473157261083608, 0.7415488167277687, 0.7370316962421152, 0.7462418423054502, 0.7413792773474639, 0.7338240443116926]}