{"train_losses": [0.8370855162282469, 0.7091327041545242, 0.6654620173217127, 0.6439583724894852, 0.6291733984972434, 0.6182550337049696, 0.6095947431130384, 0.6021359252122345, 0.5988054826120851, 0.597118818575743, 0.5900881089710054, 0.5804749306572808, 0.5778285434864185, 0.5745668919073842, 0.5726763971318644, 0.5680312834240141, 0.5661566889929392, 0.5621547522570091, 0.5601192987028253, 0.5629445857698955, 0.559912262770234, 0.55861991757186, 0.5560557669584083, 0.55410716441321, 0.5510215086760344, 0.5527610887396273, 0.552906340018782, 0.5508220037228216, 0.5505538980393183, 0.5035442560589503, 0.5026948323325505, 0.49775170361554183, 0.4927836619382182, 0.4918138116099847, 0.4881946168122468, 0.4878287299827293, 0.4799614242876648, 0.48175440773131356, 0.4779974074187102, 0.48008760191902283, 0.47724712420266774, 0.4725368169956106, 0.4711778079643451, 0.4671823842285802, 0.4681774264542514, 0.46636561818602223, 0.4664896586180995, 0.4652974927791212, 0.46523515182575853, 0.46200543225000773, 0.46430057533708197, 0.46205484735398067, 0.4602043948703342, 0.46695810864968273, 0.4731490917306728, 0.4541832040453714, 0.4598788434386884, 0.45578300197540766, 0.4559921477383407, 0.4530967242528522], "val_losses": [0.7958732255649217, 0.7394717147324111, 0.719863993885753, 0.6912795014433808, 0.690685051159981, 0.7299952750852257, 0.7240141721173521, 0.6763848642202525, 0.7104793249556434, 0.6747154965243497, 0.6806441701812185, 0.6680523804605225, 0.6689850166516427, 0.7136553368201622, 0.6875667018680782, 0.6813996808956831, 0.702420174455468, 0.6639759712079506, 0.6966097871549837, 0.65463195954487, 0.6947004207848629, 0.6605532923548213, 0.7463827045147235, 0.6954069655980819, 0.6695057725731707, 0.675800047933837, 0.6594804508083469, 0.6728893257672097, 0.6456972221402458, 0.6463182506631145, 0.6402176565652365, 0.7105994622087304, 0.6351421800550524, 0.6822003864106678, 0.6427305245312143, 0.6539090190789638, 0.6523169604849902, 0.7043536212068774, 0.6723253463912796, 0.6558888409513257, 0.6306173465714786, 0.651173339676071, 0.6444015804751889, 0.6851047119028839, 0.6606096403240721, 0.6631590458237645, 0.6378187000707829, 0.6336972507015689, 0.6481061120784326, 0.6408193793663611, 0.6501431442093063, 0.6350334776714172, 0.698741694300166, 0.6636945692348829, 0.6370531622918097, 0.6585045151483445, 0.6571597200610262, 0.6676177263085222, 0.6526453701480405, 0.748955083434835]}