{"train_losses": [0.8567325410388765, 0.8244316767844834, 0.8082676849365235, 0.7972583795114726, 0.7881309635365377, 0.7798467644870448, 0.7758064198640882, 0.7713527088752982, 0.7593477100190662, 0.7521571879239978, 0.7479331632982783, 0.7406849350274778, 0.7374585180202452, 0.7336466050348363, 0.7315499104304808, 0.7295884176729774, 0.7287368138844893, 0.727240040413138, 0.726893957613563, 0.7239458578841693, 0.7247488761923226, 0.7235850085517606, 0.7224430901449935, 0.721611933176591, 0.7214912355994644, 0.7239017913561909, 0.7216931925113795, 0.7200980903347667, 0.7187106707062708, 0.7203904174462754, 0.7182604660333372, 0.7181273532301105, 0.717300558052811, 0.7173208711768398, 0.7158608233027097, 0.7156030512363637, 0.7150864796785413, 0.7176199122837612, 0.7165271178600835, 0.7147052386201063, 0.7144987570284461, 0.7140215117296919, 0.7122777323575915, 0.7112294124314765, 0.712534474434305, 0.7116718043907015, 0.7101464711250711, 0.7102545158749535, 0.7091601781337535, 0.7089742336326621, 0.7074389148786956, 0.707846628354711, 0.7095386218757522, 0.7066372855050224, 0.707765438005036, 0.7070954417594675, 0.7078044735350195, 0.7062125184302237, 0.706871315793163, 0.7060023298931389], "val_losses": [0.8569185504352946, 0.8597786654213043, 0.834332174312956, 0.8201406155545121, 0.8136587873779612, 0.8076651027547839, 0.7923751807354177, 0.7896650018533665, 0.7969622759606123, 0.798550672974052, 0.773099601992458, 0.7707655406942808, 0.767382406353369, 0.7723262296414887, 0.772448126706597, 0.7779848599845424, 0.7704393871240861, 0.7752745888040253, 0.7645785729022567, 0.7688388404279549, 0.7646492189492178, 0.7634534240590467, 0.7693174298383181, 0.7702925317526484, 0.7640024338608087, 0.7545762774444165, 0.7632077847940367, 0.7623751890406106, 0.7635415140153522, 0.7561460323375049, 0.7699245359330605, 0.7684326844502156, 0.7652872984396449, 0.7574359985346222, 0.7751663537478286, 0.7632043483869574, 0.7520921486880444, 0.7595033474760887, 0.7628990746324714, 0.7764838612730811, 0.7651478638314864, 0.7629513184015686, 0.7550589378346753, 0.7586271546340818, 0.7735381670827061, 0.7561604711222942, 0.7492179409113139, 0.761081581810882, 0.7616348765647517, 0.7642689853210977, 0.7629388080371685, 0.7518615821130201, 0.7688323932215505, 0.7566753316599999, 0.7660151923488546, 0.7537478830236922, 0.7519554378026081, 0.7586878818506038, 0.7586610652239858, 0.7637474016830198]}