{"train_losses": [2671.3203991979603, 59.422974744780724, 22.75974436288187, 11.465400773590686, 6.235674533534117, 3.4169596127635624, 2.518272418195794, 1.7645448112594648, 1.3934785313966895, 1.2083893860461665, 1.0792107202011665, 0.9803388557327227, 0.908399094311797, 0.8578870997068261, 0.8700855108522901, 0.8316876642991181, 0.7867301631895434, 0.7644577638855835, 0.7572857740813611, 0.7293983614197632, 0.7114321024491339, 0.7401670062495213, 0.6909385216549999, 0.6757825778138404, 0.6647549027728767, 0.6547316700483905, 0.6503399469712201, 0.637893918504902, 0.6322933117521911, 0.6246369313899877, 0.6193694021187577, 0.6132620971850654, 0.6064689463126559, 0.6041799191173052, 0.5987420719691685, 0.5941312530047419, 0.5928763072764506, 0.5906997992037392, 0.5841594929414637, 0.5801336113424862, 0.5784410682699593, 0.5748269429353773, 0.5731431244067451, 0.5788740078581481, 0.5700660099916431, 0.5772297242322222, 0.5644568831072468, 0.5639109872342492, 0.5601088698144052, 0.5649797544506083], "val_losses": [109.03607696742168, 32.6734360558044, 13.88173285430049, 6.871875832121576, 3.8970931870307646, 3.219977396683187, 1.697606112204833, 1.2616915281280379, 1.1543362513948985, 1.9773760460510608, 1.079138182124986, 1.1080742879581604, 0.8802366684616565, 0.8555491900324589, 0.8449523749529568, 0.8398041189080689, 0.8191784883342964, 0.7910540508709141, 0.7797328089998018, 0.7781278952343019, 0.7691763669049632, 0.7413202771334978, 0.7440650619316898, 0.7355783655341417, 0.7344466693415262, 0.7315402063386984, 0.7297768817008753, 0.8235673279568345, 0.7245448633794702, 0.7169149946711105, 0.7187252595046978, 0.7232582613195666, 0.7148893653038609, 0.7217206429831193, 0.7043689082611919, 0.7132560159332269, 0.7183776075688583, 0.7313020587715933, 0.7151261260573072, 0.7078456921640147, 0.7159351319585125, 0.7144886332379609, 0.7146576719531703, 0.7181843264028716, 0.7111425698331595, 0.7185185443220318, 0.7141979221117755, 0.7178146877373522, 0.7422422862329875, 0.7314221140400081]}