{"train_losses": [0.5471504574730283, 0.4490194837782118, 0.3990230889295144, 0.3673757480843357, 0.34371940277745483, 0.3242897359050771, 0.30558201778754984, 0.29448507644007443, 0.2823277523303158, 0.2731411728228211, 0.26344977404074693, 0.26059539415470506, 0.2535743707727503, 0.2473749379152974, 0.24355058448024527, 0.2389531863177264, 0.2386584568931943, 0.2373886444858773, 0.23018978615412636, 0.23163269573796993, 0.22640190847084005, 0.22624059307764446, 0.2243210978835979, 0.22020569945643187, 0.21942648416347604, 0.2173305474437734, 0.21875096796429347, 0.21506284275761356, 0.2179481562659854, 0.2161766686010613, 0.21166979534411556, 0.2108069859257451, 0.20984393356969117, 0.20800449571155366, 0.20780441169133262, 0.20418523243495396, 0.2078713114804061, 0.20896050422910661, 0.2074060247108419, 0.20250839599730477, 0.20296098456811654, 0.20547825705311284, 0.20157038745173703, 0.20384279404493866, 0.20104911140159323, 0.2000368738729487, 0.20113013263480373, 0.19619234489763857, 0.20275384267171223, 0.19342639290340363, 0.20020077185656027, 0.20051918039876948, 0.19911757969730115, 0.19448490069152186, 0.19995700338656308, 0.19871644055401838, 0.19651673906316203, 0.1919251125073307, 0.19680569221859887, 0.1907950050111801], "val_losses": [0.528146862966237, 0.5023182742499607, 0.48459710117661475, 0.47722581549005194, 0.4690687478592981, 0.44388281685965403, 0.4394850087427831, 0.4498965570079538, 0.5350906922616365, 0.4726653390402322, 0.47868734953604336, 0.478051515795809, 0.4563252379868057, 0.4402554254217462, 0.4291023867820209, 0.4458754382290683, 0.4735853470463456, 0.45014812441535923, 0.4599120328015897, 0.4606377436040522, 0.4371128912286444, 0.4706278077848665, 0.4514327854813237, 0.4770379145416148, 0.4521916251828819, 0.4567422391730787, 0.45863428514082355, 0.5153862111297719, 0.4757648936121455, 0.4501295680790157, 0.47773700406699826, 0.47253284705864207, 0.4791357878800277, 0.4632050104106302, 0.48262424021850137, 0.4883756808046893, 0.45192064124585946, 0.4657178230425377, 0.46365287529243215, 0.5023611283913637, 0.4408311085124592, 0.475191166916173, 0.4888592649466825, 0.4760978180322892, 0.46920059818924564, 0.4432653308351398, 0.45686649867466517, 0.472264881343632, 0.4573224765651829, 0.45260484548715446, 0.45758338299426404, 0.4758696642026796, 0.4603205167330228, 0.47581149118723887, 0.5025362021757133, 0.4570703064915025, 0.4672208467420641, 0.44198283310774916, 0.4258195210551168, 0.44330161307757593]}