{"train_losses": [0.624924068874783, 0.57716190393562, 0.5454339125543578, 0.5196943238413232, 0.494912229293432, 0.473492978837755, 0.4584010297987196, 0.4428399775904468, 0.43521283986018255, 0.4258713034279326, 0.41876457126323996, 0.40952310196966185, 0.40642145658965806, 0.4009978883205316, 0.397683832282694, 0.39425092860164807, 0.3902627924079569, 0.38913908213427945, 0.3873192517859304, 0.3825400389972915, 0.3790429428622254, 0.3821037974887424, 0.3767610774570041, 0.376671207623604, 0.37407493539141795, 0.3738896771944486, 0.3735262281955817, 0.370148560157189, 0.36764330611269697, 0.3668692433609922, 0.366706330633571, 0.3662161771334135, 0.36232723027416786, 0.3665908971607176, 0.3614824041871943, 0.36287872047098274, 0.35961628054757405, 0.36265570651975454, 0.3603595330328004, 0.36100159186990854, 0.35750226397392076, 0.3575766653403258, 0.35382303475926064, 0.35606250185844224, 0.35723455471462673, 0.3530289730495877, 0.35308999558799287, 0.35403792593214245, 0.3521649653442904, 0.35349647624676045, 0.3517512514163286, 0.35230412351168117, 0.3491042844658224, 0.35262941732162084, 0.34880782324636084, 0.34813554796398194, 0.3482814363332895, 0.3450910244803143, 0.3471772297753228, 0.347703064388699], "val_losses": [0.5970209977022264, 0.558476518701624, 0.5462872879593461, 0.5250127068544046, 0.5156164181266415, 0.5137531597865613, 0.5082324038339816, 0.5158938704053221, 0.48833804214781845, 0.4872629764480808, 0.4895199153498027, 0.5054813423048058, 0.48607608762561766, 0.48703849868557053, 0.4867749442945518, 0.4942022606178566, 0.48775809654822716, 0.490365927171843, 0.4927234221455718, 0.4994002300382, 0.504094843742175, 0.5154278758991817, 0.5030595707689595, 0.4871382633437458, 0.5103421758450674, 0.4978723656417977, 0.4820594535458122, 0.49601574183189634, 0.5166607680144133, 0.5100524598037416, 0.5003651541250723, 0.5186121166261852, 0.48729186490050747, 0.4894806655927261, 0.48173494713938136, 0.4822701204740084, 0.49797423892550996, 0.499764117922878, 0.48446164264298575, 0.48338550676307784, 0.4855161252796141, 0.47845621810000166, 0.505909047901121, 0.4891977111294738, 0.4837671596168453, 0.4898284754522166, 0.49585599611287784, 0.4783489360972347, 0.48617876916869074, 0.4818868779456853, 0.4833237120364806, 0.4949508738721538, 0.492355133882615, 0.4805786457768193, 0.5070063558942572, 0.484850756435992, 0.48337058694953594, 0.48104828576416714, 0.4707862233436345, 0.4840812728751419]}