{"train_losses": [0.7450153912933445, 0.6541151456743757, 0.6097087188078978, 0.5775561061752177, 0.5467110516200556, 0.5190528022611623, 0.49301110457779834, 0.47405057437694703, 0.45243072854395594, 0.43748528932113884, 0.42478247520708223, 0.41893828620791806, 0.40262666556694054, 0.3915723836310556, 0.39052670160929365, 0.37807627716539804, 0.377193684741344, 0.37000620868718515, 0.3668222395876115, 0.37047283673212167, 0.3552843379083081, 0.3589602487629448, 0.35770157199039637, 0.35656734303150595, 0.29545753100208033, 0.30053753009094997, 0.2978537873984126, 0.2945541970529289, 0.29331564618048267, 0.2995866205833411, 0.29465077398722045, 0.29632720249092837, 0.29028752673080777, 0.2909543188487258, 0.2880898573985352, 0.290128134329371, 0.290136738298838, 0.28539920729640117, 0.2875990026390812, 0.2853857678119267, 0.29470490715585396, 0.27826698387894677, 0.2945809025482225, 0.28491407343903064, 0.2760941296574483, 0.2928627304273231, 0.30887192963811094, 0.28063106829503615, 0.28217637039790644, 0.28429879062272306, 0.4104092287497357, 0.30596317228869857, 0.2761242414040729, 0.28679265818491906, 0.27706026092125247], "train_accs": [0.8010597302504817, 0.8080443159922929, 0.7979287090558767, 0.8118978805394991, 0.8213712267180475, 0.8255459216441875, 0.8261078998073218, 0.8384714193962749, 0.8461785484906872, 0.8380700064226075, 0.857096981374438, 0.8464996788696211, 0.8574983943481054, 0.8596660244059088, 0.8510757867694284, 0.8537251123956326, 0.8630378933847141, 0.8673731535003212, 0.8635998715478485, 0.857257546563905, 0.8747591522157996, 0.8589434810533076, 0.8483461785484907, 0.8700224791265254, 0.8919396274887604, 0.8872832369942196, 0.892742453436095, 0.8888086062941555, 0.8827071290944123, 0.8893705844572897, 0.8883269107257546, 0.8964354527938343, 0.8938664097623635, 0.8891297366730893, 0.8912170841361593, 0.893946692357097, 0.8958734746307001, 0.8905748233782916, 0.8942678227360308, 0.8988439306358381, 0.8986030828516378, 0.8966763005780347, 0.8958734746307001, 0.898121387283237, 0.8961143224149004, 0.8942678227360308, 0.8884071933204881, 0.9037411689145793, 0.8983622350674374, 0.8886480411046885, 0.8537251123956326, 0.8809409120102761, 0.9076750160565189, 0.8881663455362877, 0.9039017341040463], "val_accs": [0.7210960960960962, 0.7188438438438438, 0.7218468468468469, 0.7293543543543544, 0.7267267267267268, 0.7342342342342343, 0.7237237237237237, 0.7282282282282282, 0.7383633633633634, 0.7304804804804805, 0.7417417417417418, 0.7334834834834835, 0.7492492492492493, 0.7481231231231231, 0.7368618618618619, 0.737987987987988, 0.7304804804804805, 0.753003003003003, 0.7432432432432432, 0.7364864864864865, 0.7443693693693694, 0.7256006006006006, 0.7323573573573574, 0.7391141141141141, 0.7653903903903904, 0.7578828828828829, 0.7515015015015015, 0.7515015015015015, 0.7417417417417418, 0.7458708708708709, 0.7454954954954955, 0.7507507507507507, 0.7515015015015015, 0.7515015015015015, 0.7526276276276276, 0.7518768768768769, 0.7597597597597597, 0.7466216216216216, 0.7473723723723724, 0.7511261261261262, 0.7567567567567568, 0.753003003003003, 0.7507507507507507, 0.759009009009009, 0.746996996996997, 0.7503753753753754, 0.7394894894894894, 0.7601351351351351, 0.762012012012012, 0.753003003003003, 0.7413663663663663, 0.7406156156156156, 0.7488738738738738, 0.7387387387387387, 0.756006006006006]}