{"train_losses": [0.7853360732144149, 0.6269152310891126, 0.5549016060400261, 0.5086561494050202, 0.48194104641707486, 0.4578542950746244, 0.43900896776794757, 0.42344817558167475, 0.40905148824055987, 0.4035189756363157, 0.3975676039842071, 0.3775356326027522, 0.3745124600526517, 0.3698226436231502, 0.3635634864524559, 0.36254522882693657, 0.35494286911575884, 0.35831527443537636, 0.3470402786820023, 0.34554748307081756, 0.35142324647449313, 0.3348937900482662, 0.3388447912710684, 0.3365000763544961, 0.3419449302027465, 0.33593099735401294, 0.3367673014686221, 0.3325418460179889, 0.324331134775959, 0.32872418773994244, 0.33671375987138696, 0.32775401838998947, 0.3239020517339151, 0.33140911635141523, 0.3307509588413138, 0.3335442788058488, 0.32447696572762946, 0.3224157052216706, 0.327688287462507, 0.27580874288649787, 0.27504218064161834, 0.27459853268174267, 0.2764742887991446, 0.28102051007306134, 0.26944682497700684, 0.27283789068555075, 0.2839535263505562, 0.27265020192867867, 0.270272926592953, 0.2653778073144337, 0.2670541191504746, 0.26986559069598165, 0.26983494586036316, 0.2763517632661042, 0.26321537433604086, 0.2696109269762796, 0.26208921327540485, 0.26169604290351667, 0.2666428643483964, 0.2616863645926985], "val_losses": [0.7346901135566907, 0.6815132588257283, 0.6678393638527, 0.6380907370319296, 0.6820337978824155, 0.624845832433456, 0.6062505540393648, 0.6469219034495372, 0.6189176415523766, 0.6073657151106949, 0.6163751677628402, 0.6346072080283811, 0.6726249476841518, 0.6075623336903778, 0.6338847520150545, 0.614582299871759, 0.6229995445279412, 0.6143428791311635, 0.6646481054955786, 0.6226272862472814, 0.6414233278267549, 0.6457798180213341, 0.6193985113905464, 0.6611186629075271, 0.6153981023655706, 0.6200017437218747, 0.6425132230262617, 0.6317864953903924, 0.6719692833869012, 0.6437450965070899, 0.6357117308452452, 0.6255840302910997, 0.6212433515276228, 0.6695921339656844, 0.6403963000957782, 0.6091854271521935, 0.6198211228367173, 0.6462437246133993, 0.6947580623976041, 0.6204525128039685, 0.632558829897926, 0.594865941477346, 0.6028963898040436, 0.5996810024387234, 0.6099369865110069, 0.6238605173690852, 0.6232188759269295, 0.6254202733022389, 0.6113163733569693, 0.6242419820652777, 0.6247576542389699, 0.6207529657664317, 0.6240729932121305, 0.615922749418042, 0.6077140578944168, 0.6312359004317623, 0.6128042854057564, 0.6049665230272454, 0.6122196883596344, 0.6218745351099706]}