{"train_losses": [1.8636197376041055, 1.5450197337178078, 1.4590119664726378, 1.3989444737139065, 1.3495260101730466, 1.3334562494586797, 1.3110283492422827, 1.299684849625412, 1.28871984460804, 1.2796056579266655, 1.2703577317744885, 1.2700687012308756, 1.2657077419932428, 1.2638027643193102, 1.261840839841667, 1.2528354456767055, 1.252015882511656, 1.2532721388110022, 1.2516294534539678, 1.2499797619130217, 1.2439901224844394, 1.243806124411231, 1.2443841275361038, 1.2436393761925468, 1.2438511202316034, 1.2462023994350324, 1.2370666614567596, 1.241659575716643, 1.240927749821995, 1.2351961991990985, 1.237455792627899, 1.2402842876160491, 1.2379387293982593, 1.2402301778704878, 1.2383673244696312, 1.2421419689370043, 1.2379300271267362, 1.2362402314242407, 1.2348513987792085, 1.214011418509419, 1.2091620564715004, 1.2059325607699067, 1.2073327391303352, 1.205221270952033, 1.1984342517603386, 1.2034986772771572, 1.2011322267760114, 1.2015658374704377, 1.1983329226443413, 1.196842574612235, 1.198806384315507, 1.1938149019744237, 1.1957983962846757, 1.1947619417632378, 1.1941790725492147, 1.1989005846688088, 1.1954084607446107, 1.194881731437224, 1.1928708160610826, 1.193564080361408, 1.1900772812295892, 1.1829036389514085, 1.1910095475001414, 1.1905703380692803, 1.1879103565032965, 1.1941539451937626, 1.1871083201730703, 1.1843577004862123, 1.1847563471790739, 1.1837051469172994, 1.1905530437112333, 1.1867632194005788, 1.1828250401475695, 1.1810228503893894, 1.185573287570281, 1.1842439086085246, 1.1823996116856816, 1.18297284391771, 1.177976654545915, 1.176014112389606], "train_accs": [0.7854190154077415, 0.8029562820994613, 0.8231241387949393, 0.8316422397594889, 0.839659275961418, 0.840536139296004, 0.8360265564324189, 0.8437930602530377, 0.8556933483652762, 0.8374044845296255, 0.8232494049855944, 0.84579731930352, 0.844920455968934, 0.8459225854941751, 0.8525616935988977, 0.8331454340473506, 0.8444193912063134, 0.8454215207315545, 0.857321808843793, 0.8495553050231742, 0.8177376925967681, 0.8442941250156583, 0.8498058374044846, 0.8432919954904171, 0.8471752474007266, 0.8434172616810722, 0.842289865965176, 0.8380308154829011, 0.8345233621445571, 0.8541901540774145, 0.8475510459726919, 0.8306401102342478, 0.8501816359764499, 0.8411624702492797, 0.844920455968934, 0.8231241387949393, 0.832519103094075, 0.8376550169109357, 0.8436677940623826, 0.8597018664662408, 0.8622071902793436, 0.8714768883878241, 0.8703494926719278, 0.874859075535513, 0.8712263560065139, 0.8804960541149943, 0.8629587874232745, 0.8764875360140298, 0.8723537517224101, 0.8700989602906175, 0.8515595640736565, 0.8840035074533383, 0.8772391331579606, 0.8772391331579606, 0.8759864712514093, 0.8640861831391707, 0.8749843417261681, 0.8817487160215458, 0.856444945509207, 0.8798697231617186, 0.872228485531755, 0.8850056369785795, 0.8767380683953401, 0.8778654641112363, 0.8729800826756858, 0.8789928598271327, 0.8786170612551673, 0.8759864712514093, 0.8851309031692346, 0.8771138669673055, 0.8762370036327195, 0.8853814355505449, 0.866090442189653, 0.8825003131654766, 0.8847551045972692, 0.8792433922084429, 0.8882625579356132, 0.8771138669673055, 0.8936490041337843, 0.8781159964925467], "val_accs": [0.6402519893899205, 0.6654509283819628, 0.6793766578249337, 0.6926392572944297, 0.6942970822281167, 0.7005968169761273, 0.6956233421750663, 0.6939655172413793, 0.6956233421750663, 0.6807029177718833, 0.6959549071618037, 0.6889920424403183, 0.6986074270557029, 0.7012599469496021, 0.7042440318302388, 0.6946286472148541, 0.6929708222811671, 0.7015915119363395, 0.7098806366047745, 0.696949602122016, 0.6876657824933687, 0.6929708222811671, 0.7075596816976127, 0.7025862068965517, 0.7095490716180372, 0.7175066312997348, 0.6939655172413793, 0.6972811671087533, 0.6800397877984085, 0.6883289124668435, 0.7198275862068966, 0.7022546419098143, 0.7019230769230769, 0.7128647214854111, 0.7062334217506632, 0.6909814323607427, 0.6763925729442971, 0.7092175066312998, 0.7138594164456233, 0.7208222811671088, 0.718501326259947, 0.7131962864721485, 0.7178381962864722, 0.708554376657825, 0.7141909814323607, 0.7320954907161804, 0.7032493368700266, 0.71684350132626, 0.718501326259947, 0.7178381962864722, 0.7105437665782494, 0.7337533156498673, 0.7122015915119363, 0.7264588859416445, 0.728448275862069, 0.7224801061007957, 0.7108753315649867, 0.7257957559681698, 0.7055702917771883, 0.7211538461538461, 0.7211538461538461, 0.7228116710875332, 0.7231432360742706, 0.721816976127321, 0.7039124668435013, 0.7347480106100795, 0.7238063660477454, 0.7005968169761273, 0.7181697612732095, 0.7271220159151194, 0.7128647214854111, 0.7204907161803713, 0.7175066312997348, 0.7297745358090185, 0.7281167108753316, 0.7214854111405835, 0.71684350132626, 0.7141909814323607, 0.7257957559681698, 0.718501326259947]}