{"train_losses": [0.8463859363646932, 0.7398579510173674, 0.6794113662289435, 0.636480470810433, 0.5959409438606974, 0.5621712248961476, 0.5422315870603616, 0.5289936088429614, 0.5149305775160387, 0.5033223294487744, 0.4930218284093894, 0.48508848761270984, 0.4757275667831851, 0.4757910226999808, 0.4677644652658326, 0.46494035315358456, 0.45938863559813925, 0.44967774740785943, 0.45180962705301875, 0.44419214720322614, 0.4426855108794835, 0.44123518275593987, 0.4372000813846216, 0.440936791426189, 0.43025802624716936, 0.4240421759797798, 0.42065837607725065, 0.4222378588446826, 0.4200833125331655, 0.41782146532468317, 0.4121869875396927, 0.41249078572701475, 0.41504940397051565, 0.41638311890873114, 0.40576547928849427, 0.40307998711012966, 0.404146210593929, 0.4073104396249105, 0.40125103902920206, 0.40838328069823426, 0.40887526952780767, 0.39895117132886115, 0.3922905363384917, 0.39528061951577276, 0.3892362105148216, 0.3960302901940335, 0.3938016176947803, 0.38824219722292685, 0.4023740391514048, 0.38406758256692947, 0.38686171471684716, 0.38866291104066397, 0.37972325794608885, 0.39528457761586616, 0.3859820295569695, 0.3830476569715653, 0.3834564737332359, 0.3891174491005192, 0.3803812493678029, 0.3899634215630058], "val_losses": [0.8664646858849712, 0.7803309052546643, 0.7575234944369531, 0.7553364973369988, 0.7277498044539585, 0.7346710345427546, 0.7402564048065343, 0.727901402600466, 0.73619661394334, 0.7197920402768256, 0.7322473875471035, 0.7334417285596386, 0.7305298682431073, 0.7481172481646338, 0.7426256787522564, 0.7078808366945335, 0.7195027166819906, 0.7115386687805759, 0.7291487359053251, 0.7546142589352953, 0.7340396561106836, 0.6970856386567846, 0.7581487398800207, 0.7293770785187867, 0.698306469219059, 0.7322193552765275, 0.7485994980386113, 0.7164959661218504, 0.7251084912253093, 0.7444654957348148, 0.7052895830167051, 0.7208619707906132, 0.7231789724365414, 0.7119425464150132, 0.7281200995596127, 0.710976282474835, 0.9001385737202289, 0.708981744009752, 0.7128725235737624, 0.7159533073307399, 0.7223562999890955, 0.7087263470804805, 0.7012081536411625, 0.7187695927791862, 0.7406951264303515, 0.7162250417747245, 0.7362890539667551, 0.7017753325989353, 0.7466369979779802, 0.7281400053180079, 0.7246526245162099, 0.7143572843101114, 0.7133234292115246, 0.7253204219388646, 0.7417909719033483, 0.7320826810453638, 0.7177303768941109, 0.6964193028330014, 0.7360898128057596, 0.7097331894066862]}