{"train_losses": [0.8688133388914648, 0.8152958272084468, 0.7941406990927474, 0.7800279273666254, 0.7702294857335024, 0.7611370982536081, 0.7530143002635624, 0.748562578238693, 0.7437474914465297, 0.7395715382466463, 0.7377394257232922, 0.7349882670383827, 0.7332644095541049, 0.730572037491144, 0.729861132987741, 0.7274957484824984, 0.7250275951353442, 0.7245060385482318, 0.7225163108547863, 0.7223185789177732, 0.7198394816636371, 0.7209569414283047, 0.7241843237783394, 0.718791760548824, 0.719359738090793, 0.7176019103961164, 0.7212333521268615, 0.719535115388929, 0.7175617886070443, 0.7162065309369597, 0.7174340546765581, 0.7171973921831917, 0.7164526509089965, 0.716233207082882, 0.7149565418574656, 0.7159190131435875, 0.7145220244591978, 0.7149395541236514, 0.7126624231204933, 0.7141277689145726, 0.7145362870459463, 0.7126309923017058, 0.7140492596238935, 0.7145961955521954, 0.7133584531896254, 0.7112095173640746, 0.7103812074420833, 0.7130138321777686, 0.7120981894741539, 0.7119361994553681], "val_losses": [0.8621117317153141, 0.8156491516377659, 0.8137822700405853, 0.8086898945413284, 0.7984190494365191, 0.7933542428047227, 0.7844486798624859, 0.7688269622162487, 0.7764120011591379, 0.7723529477107032, 0.7787871520486032, 0.7771864043988499, 0.7561788020482699, 0.7575190342736671, 0.7673684937365974, 0.7835828449779775, 0.7594125014174908, 0.7671880249496112, 0.7662239688082912, 0.7435417906336876, 0.7502037374305311, 0.7447104921687479, 0.7561555954933855, 0.7576296776021328, 0.736471058521161, 0.7487647242323994, 0.7537978985275646, 0.7449719052916555, 0.7403208829472471, 0.7563075568226343, 0.7499585035777703, 0.7661889760063565, 0.7344658215235627, 0.7460504850523726, 0.7590590040512304, 0.7541098630028524, 0.7405331695023212, 0.7498942803690835, 0.7518739491060237, 0.7544966687657708, 0.7502316982743882, 0.7513449781691195, 0.7586599107420893, 0.7704070982666309, 0.7454884958831559, 0.7475699591460886, 0.7648614782153241, 0.7493294531472184, 0.7457604836897067, 0.7600618889721384]}