{"train_losses": [0.7246021546217112, 0.6233142632887914, 0.5667976861917056, 0.524423254599938, 0.49596162876716027, 0.47081113901505106, 0.45469402425105754, 0.440233058324227, 0.42973615257556624, 0.4212350829564608, 0.40990632886153, 0.40201437306404114, 0.4025708116384653, 0.3918433022865882, 0.4029594541329604, 0.38296478928052463, 0.3816988304211543, 0.3248020692972037, 0.3221697585857832, 0.3217416371015402, 0.3168544419545394, 0.3181605132634823, 0.309738770035597, 0.4058816221310542, 0.42893120580453137, 0.3448404034651243, 0.31043341008516456, 0.3098501539505445, 0.310035258430701, 0.3056401261091232, 0.3088295644338314, 0.30320308361603665, 0.3113275427909998, 0.30733241260968724, 0.2970039598758404], "train_accs": [0.7934328837508028, 0.7966441875401413, 0.8204881181759794, 0.8148683365446371, 0.8280346820809249, 0.8338150289017341, 0.8288375080282595, 0.8120584457289659, 0.8318079640333975, 0.8348587026332691, 0.8366249197174053, 0.8026653821451509, 0.8432883750802826, 0.8446531791907514, 0.8600674373795761, 0.8553307642903019, 0.8346981374438022, 0.8694605009633911, 0.8730732177263969, 0.8807803468208093, 0.8591843288375081, 0.8650449582530507, 0.8752408477842004, 0.7758509955041747, 0.8659280667951188, 0.8870423892100193, 0.873795761078998, 0.8688182402055235, 0.8776493256262042, 0.8743577392421323, 0.8730732177263969, 0.8867212588310854, 0.8842324983943481, 0.8874438021836866, 0.8678548490687219], "val_accs": [0.7064564564564565, 0.7045795795795796, 0.7120870870870871, 0.6981981981981982, 0.7210960960960962, 0.7188438438438438, 0.7158408408408409, 0.7135885885885885, 0.7124624624624625, 0.7162162162162162, 0.7233483483483484, 0.6861861861861862, 0.7105855855855856, 0.7252252252252253, 0.7286036036036037, 0.7319819819819819, 0.6981981981981982, 0.7327327327327328, 0.7293543543543544, 0.7473723723723724, 0.7237237237237237, 0.7353603603603603, 0.725975975975976, 0.6921921921921922, 0.7312312312312312, 0.7515015015015015, 0.7282282282282282, 0.7154654654654654, 0.7466216216216216, 0.7406156156156156, 0.7361111111111112, 0.7537537537537538, 0.7432432432432432, 0.7338588588588588, 0.7323573573573574]}