{"train_losses": [0.7743619616473163, 0.6218083300716662, 0.5582072311885773, 0.520756615007996, 0.49018102292661314, 0.4662556216931217, 0.4443914671802016, 0.4291699202603133, 0.41078193535375845, 0.4014835618841585, 0.38985982113792783, 0.37913808142445077, 0.37736654990059987, 0.3625852370691047, 0.36179736671245916, 0.3542168215393389, 0.35296988338894314, 0.3494018311273484, 0.34385795252159157, 0.34632969473783304, 0.339146063002329, 0.3350840039732595, 0.33262579735246284, 0.33348167090441183, 0.32963665916806173, 0.3270312119741288, 0.32512983699576564, 0.3229270279899476, 0.32628703604804143, 0.3204317024271324, 0.32060450671968005, 0.31870270695762026, 0.31974818313437164, 0.32092748216094164, 0.3176687348986429, 0.3166027546837216, 0.3144420152492624, 0.31478124905137156, 0.30764775686920004, 0.3144522305443173, 0.30505922563744603, 0.30921255319585245, 0.30845603103234026, 0.30997285776289685, 0.26079631365417805, 0.2575121727393418, 0.25788451668068213, 0.2582543753366622, 0.25463528444401173, 0.2542626976336121, 0.25824676598442925, 0.25230276452927364, 0.2524329353009582, 0.25602840219729794, 0.2507329040809914, 0.24861602429990415, 0.25094290427556115, 0.24758313967185044, 0.251615969945514, 0.25099880174101974], "val_losses": [0.7140685342083047, 0.7026268952757447, 0.6404913928133228, 0.6099601052532266, 0.6352015208150005, 0.5939176966069819, 0.6140113190591554, 0.5829741524776696, 0.6271033810346555, 0.5652109862945892, 0.6258057968083756, 0.63203858651521, 0.6269364546332167, 0.5930860262301378, 0.5880067809946807, 0.5838742821382515, 0.5986721372779036, 0.5991798428825407, 0.6088644942957839, 0.593447397672213, 0.603389535561586, 0.5909815974811932, 0.5719997983101087, 0.612510747106084, 0.587559583894499, 0.6126609561906192, 0.6114108376974587, 0.6270000516451322, 0.5836018677596208, 0.596622541378706, 0.5880857956715119, 0.5729201862488911, 0.5776856459453429, 0.606195541493622, 0.5801395351982815, 0.5847485032972398, 0.6021584360590785, 0.5857090805389069, 0.6077397111047319, 0.6168728260417561, 0.5890893528138325, 0.6048097817277733, 0.5927259393489405, 0.5862224697630047, 0.5990659832517743, 0.5860962653247428, 0.5806125681391566, 0.5937970901321579, 0.6012218764588073, 0.5860585937220535, 0.6131430239555163, 0.613762690226237, 0.5945842576638246, 0.6033941348568423, 0.591430408072559, 0.5996932650835086, 0.5954422909523541, 0.5950521339164986, 0.594949230431637, 0.5984620458302481]}