{"train_losses": [0.8551449154506159, 0.7920617538140924, 0.7614519727137609, 0.7407769337483981, 0.7239096008844329, 0.7078822741772861, 0.698377134459555, 0.6877246027559907, 0.6803354315359131, 0.6730506668594917, 0.6693498009931285, 0.6628976688532952, 0.6585767430472874, 0.656087271567906, 0.6525638387888816, 0.6496535251511133, 0.6482889717538204, 0.6460506982537598, 0.6449977521230625, 0.6430633963979684, 0.6411287574143425, 0.6393933395653133, 0.63911888852403, 0.6360072942973211, 0.6348992294841921, 0.6349620434005724, 0.632077283500358, 0.6316782732675624, 0.6304370240800787, 0.6306614773165936, 0.6293825429967339, 0.6280764427722031, 0.6275757912074448, 0.6272666987260502, 0.6264622167046472, 0.6252899929135396, 0.6253879261537381, 0.6242725125745396, 0.6233071524629097, 0.6226395972738729, 0.6215440540264406, 0.6215620298311649, 0.621398708230632, 0.6214811799910451, 0.6191377118687902, 0.61848469016128, 0.6186287839342143, 0.6200340592083798, 0.6163762446499117, 0.61738964116974, 0.6163142987223611, 0.6160876637770848, 0.6147165512703028, 0.6154255322744298, 0.6144233867115962, 0.6136209393122936, 0.6128212735626212, 0.6132128031751747, 0.6123732386290154, 0.6112012261421096], "val_losses": [0.8273591714863491, 0.804055905153666, 0.7757185698239059, 0.7640260093865918, 0.7513083937716355, 0.7581695930961038, 0.7463204037545819, 0.7294136095482839, 0.7464086646308467, 0.7412116849399805, 0.7214825491329611, 0.7154799406501159, 0.7118106164292909, 0.7205927112859014, 0.7069965771565072, 0.715130514088951, 0.7135104905110605, 0.7081312658423652, 0.7046969297522001, 0.710002788134685, 0.7042301046786245, 0.7065668254147528, 0.7104665939418716, 0.7092464260504587, 0.7243711339529043, 0.6969285844645482, 0.6963360685320441, 0.6981208177945416, 0.7130594815899848, 0.698516019178951, 0.703645680551592, 0.6931196208887254, 0.7044872518228903, 0.7101255597404235, 0.7171563552035926, 0.689992476797871, 0.7024432520510591, 0.6947060650778936, 0.7008803413279006, 0.7063753492014886, 0.6984154995664992, 0.7094261991754812, 0.7079574133958021, 0.6928597413083775, 0.7076457134259135, 0.6920130599287159, 0.6994407841054575, 0.7127860401855244, 0.715498603662032, 0.6873623878422135, 0.699425664614367, 0.7030949818016737, 0.7010257347870585, 0.7019352285729581, 0.6982931062268054, 0.692495735636186, 0.701786160186267, 0.703789081809581, 0.7075881250367253, 0.704307212281919]}