{"train_losses": [0.8318599980885909, 0.7614334510354435, 0.7213610067073705, 0.6925602653781239, 0.6705123368378113, 0.6541414484617089, 0.6397014373009946, 0.6279604347506825, 0.6170017503583465, 0.6082723754113462, 0.6008667262315083, 0.5941083770239053, 0.5877331362385042, 0.5809844666595887, 0.5770801752768979, 0.5725048576590059, 0.5681912152159447, 0.5652394146531904, 0.5620243401407193, 0.5587269677768568, 0.5556359523057269, 0.5536441974159049, 0.5504376549386845, 0.5480645667324547, 0.546332890037729, 0.543780095161844, 0.5418473758857791, 0.5397966060478147, 0.5374197527033274, 0.5357040385398544, 0.5334874026514903, 0.5325164361520975, 0.5295675079388444, 0.530145052677443, 0.5279873817507961, 0.5273858347660353, 0.5257866621044169, 0.5256686637515113, 0.5243667171488957, 0.5231978796309784, 0.5220941768400476, 0.521644263259503, 0.5210127936184239, 0.5187009726345372, 0.518289818194734, 0.5176848907470704, 0.5173253411258302, 0.5163001420050443, 0.5145559170933999, 0.513992937510087, 0.5136553954009583, 0.5124834384437369, 0.5130763455772934, 0.5116741286419353, 0.5114173976780654, 0.5113968941611068, 0.5106311128760587, 0.5105939942047376, 0.5092292581766593, 0.5079917638228387, 0.5080943022655839, 0.5078087172521597, 0.507777229309082, 0.5062987377049208, 0.5060658193422632, 0.5058330977837913, 0.5056223981413854, 0.5047712747269318, 0.504562614440918, 0.5037203041098031, 0.5035291360593309, 0.5037700109829087, 0.5035082171784729, 0.5027445846044717, 0.5033094808541092, 0.5016607816039014, 0.5014591740199498, 0.5023562091432032, 0.5018112694662826, 0.500809740873278, 0.5001692139441226, 0.5003304704724908, 0.49919482520180924, 0.4993588743877678, 0.4994232637635132, 0.49917803298992935, 0.499372374505222, 0.4980622306845101, 0.49796876872086726, 0.4984220294685257, 0.4973981984670089, 0.4967652826816762, 0.49754338172036394, 0.4964532005459655, 0.4969881143008961, 0.49633645255892883, 0.49580338118523776, 0.4964706668586624, 0.4961662286924047, 0.49540753124675163], "val_losses": [0.797397979223174, 0.750437278558899, 0.7295314727692647, 0.7149074140146862, 0.704384175195892, 0.7024854852844299, 0.6989159760819462, 0.7018785751750278, 0.6957283697684842, 0.7025456637751337, 0.6961779021462159, 0.6898588397500541, 0.6840635109136414, 0.6880018321413668, 0.7072070058941488, 0.690670424705679, 0.6802015385689061, 0.6844612651338209, 0.6891810950516004, 0.6867827056069756, 0.687429585291771, 0.6815984491636916, 0.68895964459307, 0.6885297660186194, 0.6904864637788043, 0.6921558646514319, 0.6887057597748014, 0.688728935022854, 0.6973555431875348, 0.689283959816047, 0.6857329344254219, 0.6896601977852992, 0.6873732470051117, 0.6927215868971586, 0.6943704742824053, 0.690353716841791, 0.696153380321348, 0.6896873173774999, 0.6900531401289912, 0.6916091786128948, 0.6972824887540763, 0.6913966395286613, 0.6877574536543336, 0.6978259841813296, 0.6904729436766853, 0.6908474592591841, 0.6942554121460807, 0.7062195328317221, 0.6872819644312949, 0.6957296731799811, 0.6897764721727985, 0.6922889511757387, 0.6894215608892997, 0.690994600471474, 0.6957284071985503, 0.6903782948117582, 0.7029475630732838, 0.7038629452245997, 0.7049079959918436, 0.7024014994605241, 0.6986568118132187, 0.7015109690619977, 0.7004520782259405, 0.6980263606070529, 0.6988074122880734, 0.6988933592663321, 0.7054100173965288, 0.7027772082773089, 0.6986516422381152, 0.7054089630157139, 0.6957304100089445, 0.6981470327254691, 0.6960156292259753, 0.7044332906872064, 0.6952971455227845, 0.6998519803885772, 0.6978121987483386, 0.699713028512534, 0.7051285442046666, 0.6975172899738618, 0.6969580995765331, 0.6955427942172239, 0.7049146528083657, 0.7000106980562446, 0.7057925412020509, 0.6961297492716834, 0.6939177826863486, 0.6991417125849059, 0.704087963613629, 0.6982152478136011, 0.6998879428339052, 0.703403532818682, 0.7084613287649334, 0.6999461191179255, 0.7023529922077847, 0.6969506841974608, 0.6926736954293784, 0.6984837264335474, 0.7015267011602837, 0.7013381417686696]}