{"train_losses": [0.8848876797993978, 0.777842019059923, 0.7377726045396593, 0.7029821886698405, 0.6743638116624621, 0.6514803513420953, 0.6256058488210042, 0.6053518206278483, 0.5854731247372097, 0.5704469488779704, 0.5553395299275716, 0.5448096742841932, 0.5359823007795546, 0.5262140021006266, 0.519061154683431, 0.5125705505371094, 0.5057371331532796, 0.5007787274254693, 0.4936576651679145, 0.4906135011037191, 0.48506443027920193, 0.4808202523973253, 0.47683227967156305, 0.4724876116434733, 0.46917554495069713, 0.46757834790547687, 0.4658516514248318, 0.4614157812754313, 0.45732852316962347, 0.4550155810038249, 0.45418074133131237, 0.4521234594980876, 0.4493722701178657, 0.44608396462334526, 0.44783263257344563, 0.4451305433485243, 0.44386862780253095, 0.44135543785095216, 0.4401335801018609, 0.4355480341169569, 0.4358257041083442, 0.4330449384053548, 0.4319712139553494, 0.4311977271609836, 0.42842260229322643, 0.4295140656365289, 0.42725227478875055, 0.4266822790781657, 0.4241043821122911, 0.4232616565704346, 0.42150379892985024, 0.4191081598069933, 0.41911496777004664, 0.41881459888882105, 0.4178228249443902, 0.4159634194268121, 0.41557293980916343, 0.4141548263125949, 0.41431178516811795, 0.41341014518737795], "val_losses": [0.8184394203468606, 0.7912307400173612, 0.7790349395186813, 0.7622762075353552, 0.7657567743372035, 0.7606553203441478, 0.7593486373336227, 0.7552397506148727, 0.7553602156462492, 0.7558683180632415, 0.765050232498734, 0.7517790298461914, 0.7607847815619575, 0.7717894968103479, 0.7682081759417498, 0.7508118797584816, 0.7482310836226852, 0.7597453398527922, 0.7726905444109882, 0.7682053564566153, 0.7674649536697953, 0.7631994871916594, 0.7836829282972547, 0.7845259992811415, 0.7612528788248698, 0.7782380382396556, 0.7743217462610316, 0.7749837787769459, 0.7756325386895074, 0.7768894642017505, 0.7782540449919524, 0.7700895142731843, 0.7854866612752278, 0.7708146365130389, 0.7683091973198785, 0.7643322185940212, 0.775461112693504, 0.759968686139142, 0.7684234056825991, 0.7893185885394061, 0.7699708757753725, 0.7722494345770942, 0.7837530622129087, 0.7705077797218606, 0.7855572405214662, 0.7898401319715712, 0.766051274617513, 0.7917869138364438, 0.7788097765887225, 0.7849777670966255, 0.7696680215906214, 0.7705904371473524, 0.794747593915021, 0.776253894382053, 0.7793383305867513, 0.7814700879697446, 0.7964584579467774, 0.780687733968099, 0.7810146283750181, 0.7925070433440032]}