{"train_losses": [0.8611119893498781, 0.7902209131791145, 0.754848043992072, 0.7271856634636887, 0.7076329730538761, 0.6900752932978611, 0.6760935166783694, 0.665740301693187, 0.6569019545707382, 0.6503773767807904, 0.6427583578093713, 0.6379331273578462, 0.6334682510546943, 0.6277685673604159, 0.6236518491376348, 0.6214640162011155, 0.6181567499657639, 0.6164355937519661, 0.6136593505207564, 0.6112008112792542, 0.6080212034284234, 0.6056988599547485, 0.602800979144099, 0.6025992306086864, 0.6004393419591653, 0.597865014698659, 0.5966423731197497, 0.5959442729896524, 0.5945971202209216, 0.5942462962334897, 0.5929489056723458, 0.5929037707032275, 0.5906937614195154, 0.5904897883492691, 0.5887537979104606, 0.5869815220285196, 0.5875840513619388, 0.5863638186788692, 0.5855980401346329, 0.5843767778840052, 0.5839592541446205, 0.5828246730515937, 0.5829255447227414, 0.583394886401521, 0.5816920027639352, 0.5810443952384116, 0.5805788154121206, 0.578881499490818, 0.578828872755462, 0.5792157884645863], "val_losses": [0.8247366472490323, 0.7944194953679616, 0.7637104091505339, 0.757356107661345, 0.743756273867215, 0.7340717164624802, 0.7441039364432483, 0.722971147642924, 0.7278155300367956, 0.720914165484058, 0.7197550633024005, 0.7155816814716944, 0.710925585653361, 0.7114774790311105, 0.7110627692554882, 0.7097081831373583, 0.7142972684960665, 0.709380205712758, 0.7007852682295699, 0.7017403356394357, 0.7066826615184699, 0.7128988826458207, 0.7067532088411225, 0.7072450445209011, 0.7043387784659751, 0.7069299577328839, 0.7001244122149951, 0.6982472888053342, 0.7132829658543518, 0.7173730642589905, 0.7044740142450068, 0.7030435715352581, 0.7023553257840158, 0.7026181407211693, 0.6981018079383113, 0.7039633084735076, 0.7079354699471495, 0.7020411255327781, 0.7057612602035437, 0.7178515213554135, 0.7009527947228749, 0.7006307244626828, 0.694100386181922, 0.7058686304623374, 0.6965506964382249, 0.70137599247322, 0.6991759503835172, 0.7020534863085705, 0.7046658764681217, 0.6970459819609355]}