{"train_losses": [0.855722837432092, 0.7945689317719276, 0.76111618563441, 0.7373055824258414, 0.7202041279341327, 0.7056543139716824, 0.6958558961670606, 0.6860283260826303, 0.6789643017851672, 0.6742799606536951, 0.6693132031865481, 0.66540978721811, 0.6611814500824744, 0.6574317127302581, 0.6563156262566061, 0.6528194807036584, 0.6492339492071243, 0.6479153013256084, 0.6468918743186972, 0.6438878561922816, 0.6408156475847174, 0.639007865414232, 0.6362127960803462, 0.636267664206796, 0.6336073355581247, 0.6326531700754032, 0.6318169934782996, 0.6321882902300324, 0.6291807971174309, 0.6272536544586096, 0.627166282311875, 0.6265479673284109, 0.6246531251324993, 0.6229391651954972, 0.6229609080082228, 0.6203988443155583, 0.6211933526431813, 0.619437702403349, 0.6184535002508084, 0.618357503874963, 0.6175777240614263, 0.6165932488321256, 0.6151902444876877, 0.615701833196047, 0.6159751460398613, 0.6142152006859873, 0.6147399915166262, 0.614244484952184, 0.6136002723416026, 0.6119011825005881], "val_losses": [0.8548286139061423, 0.7988407693891164, 0.7763882046785251, 0.7587245789195105, 0.7759659051483095, 0.748623004527863, 0.7441369530899633, 0.7461167985793004, 0.7499606020743562, 0.7359020998163373, 0.7279907097711839, 0.7395084063399845, 0.7313651014612034, 0.7312799730672476, 0.7221379018153795, 0.7290334988406058, 0.7270885653711826, 0.7279869986384718, 0.7270808344984103, 0.721493284322227, 0.7234926526896092, 0.7206687414013213, 0.7221860370509556, 0.7227673065852499, 0.7091536951170422, 0.7237341006362173, 0.7181311519714851, 0.7132467350137041, 0.7252271690234294, 0.7082147079400678, 0.7297488006019647, 0.7148917174960494, 0.7309879352132038, 0.7132430180393169, 0.7199676547720495, 0.7197737583942266, 0.7152629644581647, 0.7114571608924586, 0.7186292080129077, 0.7075622898078523, 0.7081902742161585, 0.7172994302995527, 0.7146993422904118, 0.7194474252342502, 0.7216989543457726, 0.724569245863544, 0.7209445228751076, 0.7139255076125879, 0.7143755001875852, 0.701599824431427]}