{"train_losses": [0.8449847905348663, 0.7800090149951582, 0.7485057341418012, 0.7250783077635351, 0.7061586009648, 0.6893740347213104, 0.6753641496759837, 0.6616473941749551, 0.6504978055553275, 0.6414327873849736, 0.6321697272292706, 0.6241324650954132, 0.6160711224553298, 0.6105605446524313, 0.6059138796509815, 0.6012844328038832, 0.5955469173570307, 0.5914557257473302, 0.5872542292918144, 0.5838839043368812, 0.5814920453838274, 0.5769220228008195, 0.5741268180612089, 0.5725530725046366, 0.5689783919305027, 0.5684190112629525, 0.5650617536870706, 0.5622840589421804, 0.5616922794203131, 0.5589779638295748, 0.5575457462342848, 0.5562727510682007, 0.5556833226393585, 0.5535170559923188, 0.5513605745459805, 0.550561984235833, 0.5494677014177253, 0.5469847153522054, 0.5459601177568195, 0.5440435739298161, 0.5435205457671349, 0.5419886793035085, 0.5410347528537782, 0.5393598619562571, 0.5381045877152131, 0.5367398444851573, 0.5372112549426509, 0.5362535785065979, 0.5353885989149078, 0.5344589491558343, 0.5335577345989665, 0.5327915590857926, 0.5309495294822031, 0.5314085881422882, 0.5307035498098165, 0.5294145476611054, 0.5294159037699553, 0.5290365715561127, 0.5269107944264132, 0.5276176853126504, 0.5269724693832611, 0.5260780258819836, 0.5265204422467229, 0.5256907537123736, 0.5248620973047422, 0.523799026019099, 0.5234475990957906, 0.5220778900488418, 0.5219594003372834, 0.5224938039913231, 0.5213823418283329, 0.5197329847832688, 0.5204454229873101, 0.5200052413299304, 0.5203057365096918, 0.5190157408300234, 0.5193676800126789, 0.5185459309211966, 0.5178421147023262, 0.516990411325663, 0.5173315329671908, 0.5169277942561302, 0.5167039507270194, 0.5168755720549939, 0.5158181774235573, 0.5153586406974899, 0.5150952448911693, 0.515622045736019, 0.515003046158649, 0.514930501344825, 0.5140575591015215, 0.5142670198755772, 0.5130116837018011, 0.5137451173584668, 0.5138813232507359, 0.5126995102056936, 0.5119247257008273, 0.5117950901918384, 0.5125344036967815, 0.5116552723262157], "val_losses": [0.8070159978517557, 0.7856080393503493, 0.7593212377470867, 0.7509610211743092, 0.7343091218761592, 0.7316311081038267, 0.7346416143611678, 0.7290851608864986, 0.720547883196943, 0.7203362626586068, 0.721940892009188, 0.7168877992714902, 0.7303556949000448, 0.7163394222391584, 0.7206356911135711, 0.7232679786267078, 0.7203036761637611, 0.7226447758735935, 0.7199508639825204, 0.7256562257308281, 0.7304064259213109, 0.7173800553530307, 0.7176329733285423, 0.7257000225304849, 0.7206979222208055, 0.719293977792138, 0.7248517153595605, 0.7331720846083705, 0.7254159295358479, 0.72666546890455, 0.7286190817028314, 0.7291424047392743, 0.7259873151920669, 0.7296809636237713, 0.7379484453965366, 0.7339212286672772, 0.7334168458480156, 0.7287356473807647, 0.7317560617388414, 0.735744397685035, 0.7400123277733989, 0.731413470380502, 0.7282235171415213, 0.7261427592382232, 0.7343537548151969, 0.7286552083574818, 0.7289583683485565, 0.7306766649617875, 0.7316148193842343, 0.7275865503871476, 0.7350978802266861, 0.7332995309650485, 0.739539478577445, 0.7347007182467468, 0.7386206821400145, 0.7420017086221485, 0.73588736604866, 0.7318814349528237, 0.7389798942588557, 0.737414395023878, 0.7414142865974283, 0.7408020810392325, 0.7312804354734638, 0.7493824365089484, 0.7385596681136406, 0.7443280415671751, 0.7394416587218333, 0.7455341686999645, 0.7445996148083966, 0.7485550811194053, 0.737310894853873, 0.742173229485426, 0.7371723740273013, 0.7379498804169757, 0.7352073003842499, 0.7496402535971501, 0.7438343709913606, 0.7403483730961378, 0.7464608767666991, 0.738222353790917, 0.739771541969005, 0.7401017059416728, 0.7474796960002473, 0.747005376768631, 0.7338089022461903, 0.7465577789819795, 0.7565674099794835, 0.73316918860793, 0.7385309972866825, 0.7409591273337043, 0.738981459077105, 0.7266483621568991, 0.747964273484831, 0.7414914927496754, 0.7349951473730372, 0.7365041785235457, 0.7525369386456016, 0.7447273044605047, 0.7452191910710698, 0.7441578796567831]}