{"train_losses": [967.6457101510526, 19.661685685358126, 6.763885133203672, 3.1913795421611026, 2.094269446279488, 1.602236231272294, 1.3026254192533948, 1.165941338632621, 1.057928183846781, 0.967188581108713, 0.891625264784869, 0.8540748862899652, 0.8194135859299775, 0.8032310750411005, 0.7801987641919561, 0.7666239545378698, 0.7501155718635111, 0.7502616918654669, 0.7303210194478182, 0.7198599516710982, 0.7103847828926493, 0.7082843701018005, 0.6978532389579367, 0.6891278279622396, 0.6855638000317315, 0.6798621621011686, 0.6761786385330499, 0.6748450091279188, 0.6705243797836518, 0.6682894505519493, 0.6660047174020975, 0.6635665278928954, 0.6735363323307839, 0.6624312934341217, 0.7298283237061914, 0.6736645766399821, 0.6644683818656857, 0.6597647568304665, 0.6617336912181865, 0.6600358128053467, 0.6558626774806602, 0.656064998979328, 0.6532784468706916, 0.6520320367893251, 0.6511588009959843, 0.6485525857193464, 0.6491216788412142, 0.646980785594267, 0.6510367211093422, 0.6450374475473784], "val_losses": [44.241896033127965, 11.22605210584014, 4.893598562151598, 3.9023293120497358, 2.5685935380440004, 1.5198684718753803, 1.5749019078608977, 1.6335904859390253, 1.591975280757713, 1.0796553392755146, 1.0178265245399276, 0.9202971001428301, 0.8339637345260638, 0.8698081226653062, 0.8580614025582216, 0.7821550336924851, 0.7932028564632048, 0.784921819574187, 0.7992477477077988, 0.7711506564606048, 0.7727070854914551, 0.8153261251162299, 0.7489383216239194, 0.772304745295864, 0.7437579510538505, 0.7489272214398784, 0.7552001169339112, 0.7577170308397608, 0.7382628572357212, 0.7450662248936957, 0.7316488387957041, 0.7551062839434034, 0.7400899524358666, 1.4560722883000459, 0.7373173737822718, 0.7516631457522469, 0.7470749980241118, 0.761190145169217, 0.7353139282595089, 0.7438234527548501, 0.7255494730966656, 0.7634735275995926, 0.7426254273462367, 0.8114355665230568, 0.7486446938328297, 0.732895342262767, 0.7443969009538612, 0.7253429515238016, 0.7285972260236505, 0.7283583510845482]}