{"train_losses": [1.029236231414365, 0.9771553843323614, 0.9408954646150831, 0.8307056258295623, 0.7167239679685781, 0.6708300824232505, 0.6306073781403018, 0.5913118081965917, 0.5620515340348364, 0.5284485298479107, 0.5016430871453084, 0.4797668021833393, 0.45201566207241006, 0.44297417353240537, 0.42547419464756064, 0.4197806193392042, 0.4101742943777165, 0.40981319696130886, 0.391698676525707, 0.33333992197815804, 0.3242718065288705, 0.3229314916368941, 0.32869412150853117, 0.3155808737042924, 0.30637164620950186, 0.3145163533654011, 0.3176207538121183, 0.3065867862432775, 0.30608181314065425, 0.3064841614844094, 0.31422713137344577, 0.30233547318149623, 0.29825314067786846, 0.30710630218076035, 0.2971291493966546, 1.7512200085722767, 1.4569083515669452, 1.3958197254426672, 1.369158066287428, 1.3602877624896395, 1.3447044864088213, 1.3432186671665736, 1.3457713888472869, 1.3496772247870095, 1.3478590006253965, 1.331096798765893, 1.333442933753091, 1.3394578458214341, 1.3442620429672112, 1.3534460602020348, 1.3705105447635597, 1.3571100128131086, 1.366026408198167, 1.363227643886534, 1.3649619981354357, 1.3501351781252051, 1.358559814153933, 1.3705160317300749, 1.3635260290792341, 1.3557081943800469, 1.3654143870377742, 1.364144437453326, 1.3532785314137863, 1.3611233575003487, 1.3812456050840747, 1.4403674983176864, 1.4138818254657821, 1.3784431302580846, 1.4211163560883338, 1.4714832519616734, 1.4613375837395506, 1.4864232626949705, 1.446659186974961, 1.4183384069875509, 1.4449951348184538, 1.4503396111710065, 1.4473332210081298, 1.4311037571156393, 1.4261749839248443, 1.4420473328491552, 1.4758008080704206, 1.465917533853141, 1.434272199785676, 1.4456821650016207, 1.4274489111593123, 1.4031502485943108, 1.40686924985143, 1.4129658680336148, 1.4150865886057793, 1.4162921077397024, 1.4147067644348998, 1.4128182515376757, 1.4046581492704504, 1.4010257560665869, 1.399380366007487, 1.4057959895841883, 1.4001195944991767, 1.4112260134614147, 1.3989949106168347, 1.414055164454698, 1.4235926235423368, 1.4157546895558761, 1.4246944699968611, 1.4041959618319984, 1.3913321054282308, 1.3953105648692583, 1.4067226030579467, 1.4120364229218298, 1.395737338132885, 1.392199721990847, 1.3996619911086994, 1.3943088515466, 1.404533183207365, 1.3998998567169787, 1.3907609693810385], "train_accs": [0.6072348860257681, 0.6303270564915758, 0.6789890981169475, 0.7908820614469773, 0.8222001982160555, 0.8315163528245788, 0.8373637264618434, 0.8449950445986125, 0.8470763131813677, 0.8658077304261645, 0.863627353815659, 0.8739345887016848, 0.8550049554013875, 0.8725470763131814, 0.8686818632309217, 0.8870168483647175, 0.8838453914767096, 0.8754212091179385, 0.8786917740336967, 0.9083250743310208, 0.9122893954410307, 0.9116947472745293, 0.9125867195242815, 0.9113974231912785, 0.90802775024777, 0.918830525272547, 0.9126858275520318, 0.9144697720515361, 0.9166501486620416, 0.9102081268582756, 0.9129831516352824, 0.9215064420218038, 0.9052527254707632, 0.9203171456888007, 0.9149653121902874, 0.7477700693756194, 0.7831516352824579, 0.7949454905847374, 0.813974231912785, 0.8055500495540139, 0.8144697720515361, 0.8049554013875124, 0.7957383548067394, 0.7896927651139742, 0.8024777006937562, 0.7859266600594648, 0.7919722497522299, 0.7728444003964321, 0.7602576808721506, 0.7178394449950446, 0.7483647175421209, 0.7541129831516353, 0.745193260654113, 0.7586719524281467, 0.7527254707631318, 0.7550049554013876, 0.7473736372646185, 0.7414271555996036, 0.7461843409316155, 0.733597621407334, 0.7393458870168483, 0.7426164519326065, 0.7342913776015857, 0.7395441030723489, 0.7143706640237859, 0.7091179385530227, 0.7359762140733399, 0.7327056491575817, 0.6422200198216056, 0.6568880079286422, 0.6412289395441031, 0.6686818632309217, 0.6649157581764122, 0.6800792864222002, 0.6666997026759167, 0.6401387512388503, 0.7050545094152626, 0.6939544103072349, 0.7013875123885035, 0.6352824578790882, 0.6333994053518335, 0.6390485629335976, 0.6402378592666006, 0.612784935579782, 0.6173439048562933, 0.6292368681863231, 0.6265609514370664, 0.6204162537165511, 0.6025768087215064, 0.5925668979187314, 0.6012884043607533, 0.5963330029732409, 0.6059464816650149, 0.5918731417244797, 0.5987115956392468, 0.6010901883052527, 0.6069375619425174, 0.601982160555005, 0.5894945490584738, 0.5887016848364718, 0.5869177403369673, 0.5970267591674926, 0.5836471754212091, 0.5915758176412289, 0.5862239841427156, 0.5942517343904856, 0.5852329038652131, 0.5809712586719524, 0.5897918731417244, 0.5962338949454906, 0.5894945490584738, 0.584836471754212, 0.5819623389494549, 0.5886025768087215, 0.5907829534192269], "val_accs": [0.47228820269200317, 0.4984164687252573, 0.5447347585114806, 0.7015043547110056, 0.7466349960411718, 0.7517814726840855, 0.766825019794141, 0.7541567695961995, 0.765637371338084, 0.770387965162312, 0.7814726840855107, 0.7842438638163104, 0.7470308788598575, 0.771575613618369, 0.776326207442597, 0.7707838479809976, 0.7814726840855107, 0.7684085510688836, 0.7751385589865399, 0.783452098178939, 0.7957244655581948, 0.7941409342834521, 0.8004750593824228, 0.7988915281076802, 0.7866191607284244, 0.7984956452889944, 0.7945368171021377, 0.7945368171021377, 0.785827395091053, 0.8036421219319082, 0.7874109263657957, 0.7973079968329374, 0.783452098178939, 0.7965162311955661, 0.7901821060965954, 0.6116389548693587, 0.6670625494853524, 0.6916072842438639, 0.7137767220902613, 0.7098178939034046, 0.7311955661124308, 0.71298495645289, 0.6773555027711797, 0.6920031670625495, 0.7102137767220903, 0.6931908155186065, 0.7062549485352335, 0.6702296120348377, 0.6425178147268409, 0.5878859857482185, 0.6346001583531274, 0.6508313539192399, 0.6401425178147269, 0.6631037212984956, 0.6413301662707839, 0.6634996041171813, 0.6322248614410134, 0.6377672209026128, 0.6480601741884402, 0.6191607284243864, 0.6338083927157562, 0.6152019002375297, 0.6282660332541568, 0.6175771971496437, 0.6132224861441014, 0.5969912905779889, 0.6373713380839272, 0.6278701504354711, 0.5067300079176563, 0.5308788598574822, 0.5091053048297703, 0.5534441805225653, 0.5316706254948536, 0.5431512272367379, 0.5459224069675376, 0.5217735550277118, 0.5894695170229612, 0.5673000791765638, 0.5728424386381631, 0.5071258907363421, 0.49445764053840063, 0.5150435471100554, 0.5102929532858274, 0.47901821060965954, 0.47980997624703087, 0.49287410926365793, 0.5083135391923991, 0.4845605700712589, 0.4718923198733175, 0.4691211401425178, 0.47030878859857483, 0.4948535233570863, 0.4675376088677751, 0.46318289786223277, 0.47387173396674587, 0.4746634996041172, 0.48614410134600156, 0.4833729216152019, 0.4592240696753761, 0.4580364212193191, 0.44576405384006335, 0.4718923198733175, 0.46476642913697547, 0.4663499604117181, 0.45961995249406173, 0.4588281868566904, 0.44418052256532065, 0.4418052256532066, 0.45447347585114806, 0.45961995249406173, 0.4588281868566904, 0.47030878859857483, 0.450910530482977, 0.45288994457640536, 0.4675376088677751]}