{"train_losses": [2.3486490221592553, 2.0657250081611434, 1.9081540337365728, 1.797198115190097, 1.7131190387922937, 1.6547824381148513, 1.601928571003558, 1.5457124400336233, 1.5222106493713854, 1.475972957363341, 1.4420298526738324, 1.4138880215472505, 1.3915255442708347, 1.3791907892205393, 1.3482065615502896, 1.344391404122514, 1.3022194055975964, 1.2832039359770875, 1.2714544321515375, 1.0559232703692703, 1.0048915216931609, 0.9919046349162004, 0.9940854678928529, 0.983383595456813, 0.9597619301892334, 0.9463099313980166, 0.9640901905279516, 0.9317515261779674, 0.9258743025968662, 0.8957669815811606, 0.9098416035834838, 0.8931311285499162, 0.8876458932425749, 0.8720546421989727, 0.8710588241964281, 0.8658675024382155, 0.8611654118813687, 0.9058544998777412, 0.8646205168501364, 0.8475436927589592, 0.821078840480884, 0.8124318993945752, 0.8763347761446566, 0.8070868526871736, 0.7903643326966244, 0.7885676926998898, 0.7834978638633197, 0.791758807710059, 0.7622098200905844, 0.7775843858242443, 0.7670859495061416, 0.7667918810700132, 0.7544021671852179, 0.7553883531554372, 0.7344600336945741, 0.7241506102151133, 0.738296358581274, 0.733253625645285, 0.7145435124780326, 0.5237710235665398, 0.4725797386364089, 0.47138503163057566, 0.45409928257724674, 0.44680914196020666, 0.4424527040437872, 0.4336700422982301, 0.4242786202368109, 0.4316098442307003, 0.4333648446420925, 0.4199722591397288, 0.4142163030248079, 0.4272057754327119, 0.41156522596083195, 0.40166872550411425, 0.4070959533720809, 0.407021666081878, 0.3975847007358479, 0.3847213339370011, 0.39431586553292924, 0.37663197300790074, 0.40490314076364026, 0.37147886382999196, 0.3614172818590633, 0.3617431553387485, 0.38532781065650373, 0.3676086575141676, 0.34601352783975486, 0.3529822865418628, 0.3609816107534185, 0.35074591119562326, 0.36127649109907367, 0.34897861925493195, 0.3589723709750577, 0.3413044844887238, 0.3422826668040738, 0.33883131551735746, 0.3332484624546118, 0.33569158547917605, 0.372318278031454, 0.2535825680748858, 0.2601715019761308, 0.2339886076478253, 0.23666851912486087, 0.24203888058254047, 0.25136538355853466, 0.22944588949943726, 0.23359960696627813, 0.24748521510818977, 0.22577444984168962, 0.23229635890606232, 0.2436446670843743, 0.22354628529134832, 0.2425637598203449, 0.23988914701586753, 0.2573193797597605, 0.2409852735330267, 0.25151556789653834, 0.24570635576742295, 0.22813666502033478, 0.27769352603377256], "train_accs": [0.3209249214958607, 0.3890379674564659, 0.4311732800456751, 0.4592063945189837, 0.4860405366828433, 0.5001427347987439, 0.5174992863260063, 0.529717385098487, 0.5410790750785042, 0.5530687981729946, 0.5604910077076791, 0.5723094490436769, 0.5777904653154439, 0.5872109620325435, 0.591835569511847, 0.5933771053382815, 0.6083357122466457, 0.6097630602340851, 0.6166143305737939, 0.6149015129888666, 0.6340279760205538, 0.6361975449614616, 0.6316300314016557, 0.6356266057664859, 0.6421353125892092, 0.6506423065943477, 0.6430488153011704, 0.6526405937767628, 0.6532686268912361, 0.66211818441336, 0.6595489580359691, 0.6601769911504425, 0.6666286040536683, 0.6744504710248359, 0.6721667142449329, 0.671881244647445, 0.676049100770768, 0.66211818441336, 0.6773622609192121, 0.6800456751355981, 0.6894661718526977, 0.6925492435055667, 0.6699400513845275, 0.6913502711961176, 0.6990008564087925, 0.7012846131886954, 0.7019126463031687, 0.6946617185269769, 0.7096203254353411, 0.6994576077647731, 0.7011133314302027, 0.705623751070511, 0.7068798172994576, 0.7087639166428775, 0.7165286896945475, 0.7193833856694262, 0.7149871538681131, 0.7161290322580646, 0.7226377390807879, 0.7479303454182129, 0.7662003996574365, 0.7658007422209535, 0.7727662003996575, 0.7740222666286041, 0.7731658578361404, 0.774421924065087, 0.7807593491293178, 0.7760205538110191, 0.7745932058235798, 0.781387382243791, 0.780188409934342, 0.7747073936625749, 0.7837282329431916, 0.7843562660576648, 0.7810448187268056, 0.7805309734513274, 0.7861832714815872, 0.7864116471595775, 0.7853268626891237, 0.7885812161004853, 0.781387382243791, 0.7886954039394805, 0.7952041107622039, 0.7962888952326577, 0.7858978018840993, 0.7905224093634028, 0.7995432486440194, 0.7958321438766771, 0.792634884384813, 0.7990864972880388, 0.7948044533257208, 0.7985726520125607, 0.7931487296602912, 0.7989723094490436, 0.799200685127034, 0.8007993148729661, 0.803083071652869, 0.8042820439623181, 0.7909220667998859, 0.8048529831572937, 0.8008564087924636, 0.8180987724807308, 0.8110762203825292, 0.8079931487296603, 0.8074793034541822, 0.8122180987724807, 0.8066228946617185, 0.8047958892377962, 0.815129888666857, 0.8079360548101627, 0.801198972309449, 0.8139309163574079, 0.8057664858692549, 0.8100485298315729, 0.802683414216386, 0.803882386525835, 0.7989723094490436, 0.8067370825007136, 0.8066799885812161, 0.7870396802740508], "val_losses": [2.109089189953953, 2.207565669221881, 1.8268000531075699, 1.8479360178816882, 1.7520821505557513, 1.755338157371804, 2.0426082742160117, 2.2679807560139094, 1.4740272704715693, 1.534332191781868, 1.5470864618813989, 1.5438496005799187, 1.4246991239358877, 1.450166707297214, 1.6212112532000496, 1.4881840698999629, 1.325312346434765, 1.299663246743737, 1.4709384630990723, 1.1244760544611225, 1.0966900880094335, 1.1034807098812187, 1.1873583868722581, 1.0466435339917237, 1.0710159485773434, 1.4885730749134831, 1.0438125636185014, 1.1543157221572953, 0.972751086827816, 1.2338494972002993, 1.0810580667827108, 1.0493401473192714, 0.9971224659119793, 1.1337796091747054, 1.0024323997288855, 1.187648598913005, 1.0232327905756204, 1.0816409590405276, 1.1199824363987447, 0.9439449179862892, 0.9641620710050707, 1.0905134509905898, 0.9998578695033052, 1.0780182190822034, 0.9094957746058296, 1.0227814409170972, 1.0076210675698967, 0.9552257353062625, 1.0066048105716832, 1.1663965618320868, 0.9293885895943114, 0.9569085412321964, 0.9905705910095508, 0.9424904319869063, 0.9765856278111275, 1.2763976901888943, 0.993591420135722, 0.9183783817520325, 1.2405444485109776, 0.7225836738765097, 0.7922730197071679, 0.7386194199029369, 0.7149627136172438, 0.7304407324446084, 0.7534704684320372, 0.7551352362140261, 0.788682003609174, 0.7751183464649934, 0.7624493071897398, 0.8239984083786499, 0.8462314805508551, 0.8198963403383637, 0.8173195497175837, 0.8065636586213958, 0.801089759823606, 0.7913945232164329, 0.8356607637311224, 0.8293561939878848, 0.7509754576109109, 0.866944951663693, 0.8442477928596336, 0.7709567876125546, 0.7859715151729538, 1.0193799447466094, 0.8327237679731188, 0.8157711389512102, 0.9937860020835272, 0.859719516946565, 0.7960661873996878, 0.8016762543208191, 0.7990594814706237, 0.8241195882006203, 0.8319682396027702, 0.8170765458598975, 0.8928127492749917, 0.8833731943873173, 0.8393523249271109, 0.922116296654674, 0.7862531678785412, 0.7289442410938639, 0.7353313371344251, 0.7576943940724378, 0.76091399700571, 0.7780986355564452, 0.7611740290848198, 0.8214083828224893, 0.8673240357091785, 0.7225182535236665, 0.7915464892589731, 0.7657738500892368, 0.8219752374063151, 0.7860614392227384, 0.8434387959255547, 0.852059071433681, 0.7524841809100967, 0.7493857963898992, 0.7948949187477016, 0.913455244443052, 0.7625709440283753, 0.810407825428739],