{"train_losses": [2.274929466092379, 2.0021481446528346, 1.894179120391837, 1.799272022770025, 1.7348771833944687, 1.6896615635964178, 1.6338186521990246, 1.5945644725706454, 1.5644882248089784, 1.534586891010425, 1.518385425969733, 1.507278275816501, 1.4921428297983725, 1.4689014922201107, 1.449206743395536, 1.4407566686647129, 1.422370425667247, 1.4013422520678622, 1.3787693631604778, 1.3773028974767212, 1.35688948706154, 1.3468382339698057, 1.370002607655396, 1.3176519499415844, 1.301775097050668, 1.2955216629315267, 1.2709450915511118, 1.265569117033172, 1.2707373760851186, 1.03129879311429, 1.0223289273923852, 0.9850669443454193, 0.984422401765262, 0.9991826321375632, 0.9844985088858303, 0.977394797224812, 0.955957584601622, 0.9559436040710049, 0.9439203219348419, 0.9281688516255008, 0.9344607207219056, 0.9182214787473959, 0.9027755972081989, 0.9005649258366932, 0.9059122309492821, 0.9065602533823417, 0.8946890071702283, 0.8812583927763825, 0.864197953421832, 0.7891970299156672, 0.751640306940223, 0.7483551939385229, 0.7326541618248615, 0.7191598067309494, 0.724291726350444, 0.7073188747333317, 0.7117291614698268, 0.6979852729343259, 0.688403293972794, 0.6918762031773517, 0.6872566370905517, 0.6696447727886432, 0.6608319762601806, 0.6896677509771222, 0.6467897823528668, 0.6303854168312161, 0.6233877390886831, 0.6250500963461116, 0.621436908358749, 0.5014309145112463, 0.4799942831652116, 0.4808180385339679, 0.4807038992022297, 0.465405944017829, 0.46483933336048033, 0.4793930340163748, 0.45022393562029406, 0.45516850856280894, 0.44960522660520325, 0.48191776720415075, 0.4548078024179773, 0.4492694707707, 0.42770079951472806, 0.4517665107625231, 0.4392819572645291, 0.42811200691909745, 0.4321381945253405, 0.4265583212617939, 0.41569072643314603, 0.43180627669908306, 0.4167040253890231, 0.42839626477780834, 0.42370287562791464, 0.417868239240513, 0.4129202418656748, 0.3872664673070447, 0.40699298949095986, 0.3845552863817435, 0.4088223599465343, 0.3907024551690254], "train_accs": [0.33548387096774196, 0.3967456465886383, 0.420211247502141, 0.4595489580359692, 0.47696260348272906, 0.4915786468741079, 0.5042534970025693, 0.5181273194404796, 0.5242934627462176, 0.5309734513274337, 0.537482158150157, 0.5390236939765914, 0.5453611190408222, 0.5510705109905795, 0.5551241792749072, 0.5611761347416501, 0.5614045104196403, 0.5691692834713103, 0.5783614045104196, 0.5792749072223808, 0.5820154153582644, 0.588752497858978, 0.5821296031972595, 0.5952041107622038, 0.599600342563517, 0.6039965743648301, 0.6124464744504711, 0.6125035683699686, 0.6110762203825293, 0.6168998001712818, 0.6166714244932915, 0.6314016557236655, 0.6269483300028547, 0.6266628604053668, 0.6288324293462746, 0.6328290037111047, 0.6413359977162432, 0.6384813017413645, 0.6428204396231801, 0.6443619754496146, 0.644304881530117, 0.6504139309163575, 0.6532115329717385, 0.658235797887525, 0.6600628033114473, 0.6582928918070226, 0.6582928918070226, 0.6665144162146731, 0.6641735655152726, 0.6904367684841565, 0.7025977733371396, 0.7067085355409649, 0.7099628889523266, 0.7163574079360548, 0.7152726234656009, 0.7196117613474164, 0.7156722809020839, 0.7205823579788753, 0.7264630316871253, 0.7202968883813874, 0.7234370539537539, 0.7313160148444191, 0.7348558378532686, 0.7224093634027976, 0.7394804453325721, 0.7462746217527834, 0.7476448758207251, 0.7473594062232373, 0.7466742791892663, 0.7485012846131887, 0.7538681130459606, 0.7528975164145019, 0.7551241792749073, 0.7578075934912932, 0.7547245218384242, 0.7519269197830432, 0.7600913502711961, 0.7575792178133028, 0.7619183556951185, 0.7474165001427348, 0.7572366542963175, 0.7604910077076791, 0.769340565229803, 0.7577504995717956, 0.7603197259491864, 0.7660862118184414, 0.7644875820725093, 0.7686554381958322, 0.7699685983442763, 0.7700256922637739, 0.7707108192977448, 0.764658863831002, 0.7657436483014559, 0.7679703111618612, 0.7700256922637739, 0.7784755923494148, 0.7751641450185556, 0.7784755923494148, 0.7725378247216671, 0.780588067370825], "val_losses": [2.4349263922068034, 2.0066104903677986, 1.923356979154796, 1.7664289193882572, 1.680653390802954, 1.625810466895652, 1.943024637541963, 1.5660282686165818, 1.5907344758940087, 1.5775303328422219, 1.4774196002844144, 1.4916401857498776, 1.5113756768634106, 1.5297066033411446, 1.4883335400874818, 1.8057618547764847, 1.633085294758634, 1.4903050749213467, 1.435976160727471, 1.5606938406789275, 1.397881014047383, 1.567266773025863, 1.3655929443897932, 1.3823354103611665, 1.4083193727324796, 1.3249058286953457, 1.324292586649581, 1.4994881806578482, 1.5919740420199726, 1.2488335478232644, 1.094033065591776, 1.1087242220763305, 1.1778279125833626, 1.2045904591079073, 1.1969492881495951, 1.321945508893789, 1.2222971778759677, 1.0501171135730607, 1.0259700043538045, 1.0185315730510027, 1.031873414126402, 1.2592691311939321, 1.177940337410411, 1.0347293620749667, 1.3359213755994217, 1.0082949146385793, 1.0173411193070871, 1.0263158239171701, 1.034683672497996, 0.9510510681087188, 0.9427191985903787, 0.893779011576978, 0.9403085110503767, 0.9334607241406325, 0.9370442785070138, 0.9955181933607392, 0.951036376892041, 0.9620462284744788, 1.0872863560063952, 0.9023800445360154, 1.0831686461611305, 1.0983999456314522, 0.904873853369907, 0.8801779816365096, 0.9111288651995001, 0.953990703587345, 0.9174392057922257, 0.9369173256721629, 0.9087583302878876, 0.8086487379015558, 0.8058715822984927, 0.8133652946425337, 0.8350594678114724, 0.8103114338852674, 0.8481881906739992, 0.8316548144241508, 0.849948208332698, 0.805192628987223, 0.8999398649931909, 0.8060217077394215, 0.7822049157219249, 0.9559488119619638, 0.8472396419434538, 0.8450886807124838, 0.8443617096639551, 0.8698179674110382, 0.7930319328959669, 0.9884100203390659, 0.8441801904709396, 0.8029881137703335, 0.9959398365860658, 0.8320742721776502, 0.7895234225430678, 0.8459950654640941, 0.8683311369758242, 0.8325200964681047, 1.056179148692082, 1.0330595270232705, 0.8815015008807787, 0.8704874900490054],