{"train_losses": [2.289581269878026, 2.1802296667254835, 2.057286678917979, 2.312246193569603, 2.223012226787149, 2.3555111679404765, 2.2166440333337945, 2.2257434533119382, 2.196910502406415, 2.1076248670607356, 2.193164513135124, 2.1202829305423023, 2.163372910704514, 2.1677069864231395, 2.014452193210543, 1.9470174132747022, 2.1951319862404137, 2.1876823294192196, 2.1343898353707127, 2.199435948011836, 2.2697292023368285, 2.1225861129075794, 2.102982667967912, 2.093081584747767, 2.086919973722411, 2.0818200001308, 2.078043649569451, 2.0752768736702847, 2.0727759716335457, 2.0708045906923624, 2.0690185269452357, 2.067431933477127, 2.065985327593256, 2.064502847165226, 2.0631978748280946, 2.061868917980553, 2.0612423118248473, 2.0574477165569354, 2.0561899426271997, 2.0694055930530304, 2.0717415120151816, 2.0640826619851507, 2.053423957500353, 2.049339594823789, 2.046962227677293, 2.0433804944013203, 2.051834021415544, 2.0167917630845955, 2.027403013619683, 2.033479608874255, 2.0727283316330833, 2.091685694522919, 2.0653181154873352, 2.0567375254137263, 2.0488786525697327, 2.0488848505920725, 2.038614294861017, 2.014263043176215, 1.9998069697859713, 2.0040625619408114, 1.9853682306903229, 2.1801992419009286, 2.087381722604098, 2.13245253397126, 2.101274828889989, 2.0773154960801206, 2.0671286433453844, 2.052980249697732, 2.0438116647751867, 2.0300970473444417, 2.1480539032154926, 2.0990922402094325, 2.0705724041565685, 2.06440979021483, 2.03477946764703, 2.0364620935638302, 2.0199535368242216, 2.11217325390144, 2.018770441410094, 2.032436644240475, 1.9655103400341123, 1.8709689002061511, 2.1612470552265792, 2.0159334567887415, 2.0434065215288175, 2.1184518920725206, 2.1043531955387027, 2.0809430859058544, 2.068762308378399, 2.0614921267033077, 2.056746727111515, 2.052939770318201, 2.0490896833185324, 2.044581049910612, 2.0370583222117595, 2.0386689640645312, 2.0413341254488544, 2.0612117970100763, 2.0516860714299403, 2.0293597322939103], "train_accs": [0.35170055101653047, 0.23057191715751474, 0.30828424852745584, 0.2260117803534106, 0.26515295458863763, 0.24539236177085313, 0.38096142884286527, 0.3777313319399582, 0.38096142884286527, 0.38096142884286527, 0.38086642599277976, 0.38096142884286527, 0.3802014060421813, 0.37535626068782063, 0.408132243967319, 0.3025840775223257, 0.3715561466844005, 0.3778263347900437, 0.3811514345430363, 0.4035721071632149, 0.3098992969789094, 0.38096142884286527, 0.38096142884286527, 0.38096142884286527, 0.38096142884286527, 0.38096142884286527, 0.38096142884286527, 0.38096142884286527, 0.38096142884286527, 0.38096142884286527, 0.38096142884286527, 0.38096142884286527, 0.38096142884286527, 0.38096142884286527, 0.38096142884286527, 0.38096142884286527, 0.38096142884286527, 0.38096142884286527, 0.38096142884286527, 0.38096142884286527, 0.38096142884286527, 0.38096142884286527, 0.38096142884286527, 0.38096142884286527, 0.38096142884286527, 0.38096142884286527, 0.38096142884286527, 0.38096142884286527, 0.38096142884286527, 0.38096142884286527, 0.38096142884286527, 0.38096142884286527, 0.3802964088922668, 0.38096142884286527, 0.38096142884286527, 0.38096142884286527, 0.38096142884286527, 0.38096142884286527, 0.3813414402432073, 0.4026220786623599, 0.3930267908037241, 0.350085502565077, 0.38048641459243776, 0.3789663689910697, 0.38096142884286527, 0.38096142884286527, 0.38096142884286527, 0.3807714231426943, 0.38096142884286527, 0.3879916397491925, 0.3802014060421813, 0.38001140034201025, 0.3810564316929508, 0.3802014060421813, 0.3812464373931218, 0.38267148014440433, 0.38096142884286527, 0.38096142884286527, 0.3812464373931218, 0.3821014630438913, 0.38096142884286527, 0.3812464373931218, 0.3497054911647349, 0.37269618088542655, 0.38096142884286527, 0.38381151434543037, 0.37649629488884667, 0.38086642599277976, 0.38096142884286527, 0.38096142884286527, 0.38096142884286527, 0.38096142884286527, 0.38096142884286527, 0.38096142884286527, 0.38096142884286527, 0.38096142884286527, 0.38086642599277976, 0.38096142884286527, 0.3806764202926088, 0.38086642599277976], "val_losses": [2.4298095838638223, 2.3795784157080506, 2.6097952654687804, 2.360684250853625, 2.2968553586285663, 2.1740408003012623, 2.2175815630551976, 2.1196613510802624, 2.0968294685729654, 2.1098983469907173, 2.0728159386988856, 2.0637349760553554, 2.133988458352233, 2.136039981198353, 2.9018186703456657, 2.139195580677283, 2.123235094399054, 2.12801363031987, 2.08275673105704, 2.5929631272175384, 2.1070758428285643, 2.075393714447428, 2.063200804098885, 2.0559079943499388, 2.0511292267862054, 2.0473151545753274, 2.0442014219070623, 2.0414867261375034, 2.038917710471958, 2.0363617460003542, 2.0339716738536557, 2.031959254195381, 2.029852045577542, 2.0274543304849897, 2.025118865085961, 2.0241428154188195, 2.0199815718784637, 2.018835625470637, 2.020712105884857, 2.019866156535716, 2.0176722414751884, 2.0200582566947327, 2.017952368483874, 2.009616297896336, 2.009909448149361, 2.0372923352155126, 2.0432351647642957, 2.044782849018781, 2.0317146913619912, 2.023582137075665, 2.0151375131962777, 2.00715940333175, 2.007231107190066, 2.003499265674164, 1.999123671973789, 2.084560012732687, 2.086392876521732, 2.0705910097430484, 2.060526619160789, 2.0323397719415426, 2.3258447558164175, 2.046418643971743, 2.127126754283058, 2.049395914399603, 2.037223196368446, 2.034454294885666, 2.0190083849281866, 2.020737691205094, 2.0408071078373315, 2.048510983824518, 2.035457152032937, 2.0316947874336853, 2.0171569270308445, 2.0329385506746824, 2.007017976225587, 2.001970106077448, 2.1096930309044954, 2.0714518680877414, 2.074634875963255, 2.0523858896157248, 2.078005489193525, 2.453507960795509, 2.089907687680124, 2.105877999514077, 2.034979288785538, 2.082506578303146, 2.0281928313985387, 2.0281701905265797, 2.0225373601828758, 2.0201482882931643, 2.0174834042205267, 2.014654934935629, 2.0151850029587957, 2.0133586099262137, 2.010077670878246, 2.0130623568438297, 2.037509753903106, 2.01133799002395, 2.008231505195794, 1.9932998552203813],