{"train_losses": [1.6853400557381766, 1.4581119728088379, 1.4197202382768903, 1.3986572211129324, 1.3892129353114537, 1.3792594964163645, 1.3672298431396483, 1.361903419494629, 1.3597602490016392, 1.3741544614519392, 1.3654604721069337, 1.358477486201695, 1.3413533919198173, 1.352445237295968, 1.3386060632978167, 1.324948215484619, 1.319324253627232, 1.31380982535226, 1.3132052530561176, 1.3062769263131278, 1.3027427864074708, 1.3061331803458078, 1.305565550667899, 1.3003171975272043, 1.3023184776306151, 1.2977644729614257, 1.3019350460597447, 1.2970330347333636, 1.290725348336356, 1.2791859109061106, 1.2693959290640695, 1.2643344552176339, 1.265044743674142, 1.2644490568978446, 1.2604151235307965, 1.262044620513916, 1.2591317013331822, 1.2586289732796805, 1.2595707947867256, 1.257269011906215, 1.256487753731864, 1.2591784068516323, 1.2557941899980818, 1.257586283002581, 1.2571384675162178, 1.2547777666364397, 1.2539272063119071, 1.2537154824393135, 1.2546467862810406, 1.2530637850080217, 1.2500883565630232, 1.24918701171875, 1.2495397022792272, 1.2481540870666503, 1.2484411757332938, 1.2502773775373186, 1.249221341269357, 1.248234051295689, 1.2489336340767996, 1.2453871863228934], "train_accs": [0.6429806634177017, 0.6436094953623644, 0.655242886338626, 0.6511554786983179, 0.622543625216161, 0.6420374155007075, 0.6476969030026726, 0.6530419745323063, 0.6318188963999372, 0.6465964470995127, 0.6307184404967773, 0.6407797516113819, 0.6415657915422104, 0.6576010061311115, 0.6519415186291464, 0.6566577582141173, 0.6533563905046377, 0.6561861342556202, 0.6565005502279516, 0.6730073887753498, 0.6695488130797045, 0.6591730859927685, 0.6654614054393964, 0.6857412356547713, 0.656814966200283, 0.6737934287061783, 0.6720641408583556, 0.6777236283603207, 0.6747366766231725, 0.6846407797516114, 0.6865272755855998, 0.6931300110045591, 0.6983178745480271, 0.6800817481528062, 0.6959597547555416, 0.6906146832259079, 0.6970602106587015, 0.7042917780223236, 0.704606193994655, 0.6921867630875649, 0.6937588429492219, 0.7074359377456375, 0.6808677880836347, 0.7036629460776608, 0.6953309228108788, 0.7080647696903003, 0.7039773620499922, 0.7049206099669864, 0.7039773620499922, 0.7019336582298381, 0.7041345700361579, 0.7113661373997799, 0.6997327464235183, 0.7104228894827858, 0.7091652255934602, 0.7005187863543468, 0.7049206099669864, 0.7068071058009747, 0.7086936016349631, 0.7019336582298381], "val_accs": [0.5127340823970038, 0.5265917602996255, 0.5329588014981274, 0.5116104868913858, 0.4887640449438202, 0.5022471910112359, 0.5082397003745318, 0.5131086142322098, 0.4936329588014981, 0.5112359550561798, 0.501123595505618, 0.49550561797752807, 0.5078651685393258, 0.5239700374531835, 0.5067415730337078, 0.5303370786516854, 0.5355805243445693, 0.5303370786516854, 0.5235955056179775, 0.5569288389513108, 0.5318352059925093, 0.5385767790262173, 0.5348314606741573, 0.5404494382022472, 0.4936329588014981, 0.5348314606741573, 0.5385767790262173, 0.5434456928838951, 0.5430711610486891, 0.5385767790262173, 0.550187265917603, 0.5513108614232209, 0.550187265917603, 0.5187265917602997, 0.5707865168539326, 0.5629213483146067, 0.5801498127340824, 0.5659176029962547, 0.5644194756554307, 0.5745318352059925, 0.5940074906367041, 0.5636704119850188, 0.5625468164794007, 0.5805243445692884, 0.5535580524344569, 0.5790262172284644, 0.5719101123595506, 0.5711610486891385, 0.5640449438202247, 0.5745318352059925, 0.5805243445692884, 0.5651685393258427, 0.5883895131086142, 0.5584269662921348, 0.5805243445692884, 0.5767790262172284, 0.6037453183520599, 0.5853932584269663, 0.5692883895131086, 0.5674157303370787]}