{"train_losses": [2.2959010652712055, 2.0542106979356856, 1.949894850665207, 1.828958391898015, 1.792424387869923, 1.7164380898786502, 1.635075010906308, 1.571450192175529, 1.5388597347655686, 1.5127849314173392, 1.459456183609831, 1.405315014405598, 1.350169191971361, 1.341643043880878, 1.2967065511599174, 1.2902810804436475, 1.2430563252462836, 1.2234624193992785, 1.2050718005400156, 1.1901844905827699, 1.2385817271746278, 1.1870143936992308, 1.1301214764868612, 1.1127512874168277, 1.144475254842032, 1.0816200374161646, 1.105003776588854, 1.3058058252958336, 1.1724347347248156, 1.1054517068008485, 1.0944993443173483, 1.0567984513638755, 1.0640548948802921, 1.052849447709445, 1.0853779053568815, 1.0086256616917402, 1.009640998059641, 1.0611391492606037, 1.012386004519038, 0.9812412007595619, 1.068651851605141, 0.9925955695413212, 0.95851822419311, 0.9610872801046824, 0.9540321899490373, 0.914060349987696, 0.9312649827193916, 1.0589745114980593, 0.97847537011925, 0.9224596117425152, 1.0517087503807878, 0.9136098383707113, 0.9354036505056407, 0.9166261423240446, 0.9107703183351311, 1.1083789760528444, 0.96959060771318, 0.8965801425907657, 0.8673447370233203, 0.8362058110716428, 0.8016690727902819, 0.7697172903114831, 0.7594365861903457, 0.7413790019140131, 0.7325056244897921, 0.7173322183980818, 0.727234730921274, 0.7034132620996894, 0.709488606422499, 0.7503486030311664, 0.7118388444360726, 0.7272372220842316, 0.7258221756069932, 0.8752803081670213, 0.7652278940094324, 0.7052527526054618, 0.718585292743505, 0.9088632918473059, 0.7823514345056362, 0.6879327213957841, 0.6920753110002235, 0.7072717640056098, 0.6774129172377598, 0.6420405339440395, 0.6404478570643644, 0.6215063308607376, 0.6125335298109166, 0.6881116847243725, 0.6469073004567675, 0.7261864789844514, 0.6375633175680719, 0.6191153658584745, 0.5980884532789106, 0.5914548515825312, 0.7081798193065243, 0.6045254881249901, 0.5921137655441783, 0.695375207227841, 0.6982914174018265, 0.6003504824983387, 0.5697854318994744, 0.5679302995632987, 0.570918591607291, 0.5402666885116941, 0.5539665138534581, 0.7432513714064991, 0.590084284495367, 0.6721799284285278, 0.5858464305993808, 0.5455806754773125, 0.5317390710908216, 0.5121997026058683, 0.53004423881487, 0.5386503593054208, 0.5625076771856429, 0.529381984344161, 0.5592697106701876, 0.5738605443971448, 0.5071539248846486, 0.5151051624096766], "train_accs": [0.14974817337022062, 0.22146556004823723, 0.2609775129460169, 0.29552387032701993, 0.2970135489820529, 0.32545931758530183, 0.34333546144569765, 0.35532382776477267, 0.38760019862382067, 0.3916436121160531, 0.43002057175285524, 0.43555366390012057, 0.44541391785486273, 0.464354117897425, 0.46215506845428106, 0.4783287224232106, 0.4898205291906079, 0.5006029651698943, 0.5117400865432361, 0.5067744910264596, 0.4977654820174505, 0.5051429382138044, 0.5308930978222317, 0.5289068596155211, 0.5182662977938568, 0.5345818259204086, 0.5342271405263531, 0.47378874937930054, 0.5145066326168688, 0.5320280910832091, 0.534865574235653, 0.5534510888841597, 0.5447258281903952, 0.55735262821877, 0.53791586862453, 0.5657941405972902, 0.5638079023905795, 0.556643257430659, 0.5662197630701568, 0.5732425338724552, 0.5469958147123501, 0.561112293395758, 0.5726750372419663, 0.5831737249060084, 0.5853727743491522, 0.5936014754912393, 0.6003404979782933, 0.5162800595871462, 0.5795559338866425, 0.5993473788749379, 0.5574945023763921, 0.6121869901397461, 0.6009789316875931, 0.6086401361991913, 0.6126126126126126, 0.5490529899978719, 0.558203873164503, 0.6116194935092573, 0.6270128396112649, 0.6324749946797191, 0.6397105767184508, 0.6599276441796127, 0.6605660778889125, 0.6662410441938001, 0.6731928779172873, 0.6746825565723203, 0.6778747251188196, 0.6800028374831525, 0.6836206285025183, 0.6670922891395332, 0.678158473434064, 0.6807831453500744, 0.6710647655529546, 0.6439668014471164, 0.663971057671845, 0.6790806554586082, 0.6792225296162304, 0.6141022912676456, 0.6582960913669575, 0.6848265588423069, 0.6795772150102859, 0.6770234801730864, 0.6868127970490175, 0.7018514577569696, 0.7039795701213024, 0.7149748173370221, 0.7076682982194793, 0.6892955948074059, 0.6941902532453713, 0.67595942399092, 0.7025608285450805, 0.7128467049726892, 0.7176704263318436, 0.7173157409377882, 0.6734056891537207, 0.7097964105838122, 0.7234872667943534, 0.6949705611122934, 0.6983046038164148, 0.7189472937504433, 0.7307937859118961, 0.7347662623253175, 0.7288075477051855, 0.7441299567283819, 0.7361140668227283, 0.6734766262325318, 0.7168901184649216, 0.6948286869546713, 0.7241966375824643, 0.7417180960488047, 0.7437043342555154, 0.7513655387671135, 0.7499467971908916, 0.744910264595304, 0.7388096758175499, 0.7449812016741151, 0.7343406398524509, 0.7307937859118961, 0.7564020713627013, 0.7493083634815918], "val_losses": [2.208689052166926, 2.5158408061262785, 2.1847181958924553, 2.323404885729681, 1.8376436410595314, 1.719343691985234, 1.8485419525708064, 1.767859514259217, 1.7813353867366397, 1.7486818342689494, 1.8740596455035223, 1.4123465686008847, 1.3411938499076297, 1.5609972084865014, 1.4445436313866937, 1.4948387027419214, 1.3278265848400106, 1.401324930494597, 1.2940434530495966, 1.3526458580550844, 1.3426390627018652, 1.2815632089695816, 1.3472592182437684, 1.3313523862975345, 1.3194043525650268, 1.3301606707927087, 2.5624701768080813, 1.6425743400260056, 1.2927016125749846, 1.4211085649004667, 1.199919895088641, 1.442956148155172, 1.309361120750164, 1.2504046845499337, 1.2292978308245104, 1.1641109614220475, 1.2235314531414831, 1.4216705478470901, 1.1736412294979752, 1.2216992384558965, 1.35457588475326, 1.2187907509209306, 1.1901720495059573, 1.2660417457158117, 1.3354375270696788, 1.1332432864831676, 1.4665679745079667, 1.3161105350727111, 1.2455424750199053, 1.2734270579618865, 1.1604226903510664, 1.1243428706490393, 1.21762405861594, 1.1183613453366712, 1.5591803814435194, 1.3001869080553636, 1.1144093183370738, 1.1471010228367005, 1.2136342378446847, 1.0502573080973536, 1.0004319594456599, 1.0328712616738338, 1.0776900192154497, 1.007203890885219, 1.0401108764527014, 1.0435318165812, 1.0105412483847742, 1.009250202292789, 1.0875646871976574, 0.9900352708224592, 1.0148207891524945, 1.0264800184601497, 1.2561667270622456, 1.1468975494964053, 1.0155986577509568, 0.9873716616187868, 1.164859825325265, 1.092569398943246, 1.020980471799481, 1.0455207982809538, 1.0806207429192742, 1.0496246887454936, 1.0248616544890468, 0.9423483216477958, 0.9997191033881918, 1.0165356304348305, 1.0662954460720802, 1.2432195485744932, 1.0728702010779545, 1.0057128081271123, 0.9603376159301171, 1.2115936453209633, 1.0290135915146583, 0.9870658058386582, 1.01133747410711, 1.0289740722122496, 1.08767825017241, 1.0727643656793893, 1.010338165557669, 0.9593403927527309, 0.9748677587635637, 1.0449583832401812, 1.0286988113223716, 1.0538162110022589, 0.9883059581015408, 1.1034699754310224, 1.0804417300919955, 0.974988906231736, 1.0123760611688426, 1.008513384535711, 0.9727764630823617, 0.9636247322477144, 1.0159306292192374, 1.1072265414091258, 1.1173871946904008, 1.0596079880109832, 1.0206045016685912, 1.0667878734021983, 0.9305175476428368, 1.0840848086683441],