{"train_losses": [7.259344965490705, 3.984059627625418, 3.9764722492912137, 3.832976201140791, 3.7385255738708505, 3.826849434121437, 3.8509536827960513, 3.817182295055815, 3.7579759685919214, 3.80545491150281, 3.7668112871326938, 3.7549834285694934, 3.6917611390872174, 3.448017672914139, 3.766468454276208, 3.754569415103772, 3.463166671020031, 3.58770090659343, 3.4839391461562585, 3.631449276922482, 3.7543856945326564, 3.737994664919891, 3.156031764659085, 2.977402931725121, 2.915190003728636, 3.036418551097312, 3.399937250105409, 3.4831406957020365, 3.542841100669465, 3.4439895588775795, 3.4896930619732287, 3.4907740681520782, 3.5971209100005352, 3.0844064533575537, 3.583369954075705, 3.4599137436816, 3.243574773539778, 3.342068820457545, 3.6363708460998265, 3.4958203385544824, 3.5498763317379605, 3.377583861091713, 3.6092534025663614, 3.6982840074967696, 3.607885014353587, 3.5451765959826007, 3.608774804241326, 3.5678953444555024, 3.513001121862722, 3.508667797605615, 3.4191905508643803, 3.4207123330817715, 3.3990786190213305, 3.4294374188184262, 3.4660433043270236, 3.5361661618266127, 3.466683643077065, 3.61317400018517, 3.6524300339240265, 3.5645033928485104], "train_accs": [0.11683757269054912, 0.06849558307808408, 0.09109069117059529, 0.1712611532827274, 0.18710880277000932, 0.19181426732365606, 0.19452212900075466, 0.19838416122874772, 0.18311359701691304, 0.17805300306299107, 0.1827140764416034, 0.1869756292449061, 0.18435654991787634, 0.19030496737248634, 0.1742353620100324, 0.17747591778754385, 0.19172548497358724, 0.1630931770763972, 0.17752030896257823, 0.1769876148621654, 0.17800861188795666, 0.17800861188795666, 0.210858081413415, 0.2062857903848715, 0.20939317263727972, 0.2052647933590802, 0.19554312602654592, 0.1951436054512363, 0.1798730412394016, 0.19190304967372487, 0.20704044036045635, 0.19474408487592668, 0.18626537044435565, 0.20269010520708483, 0.19771829360323168, 0.19181426732365606, 0.1855995028188396, 0.21250055488968794, 0.18706441159497492, 0.20748435211080038, 0.18484485284325475, 0.20326719048253208, 0.1879078439206286, 0.17929595596395437, 0.18519998224353, 0.1967860789275092, 0.17796422071292228, 0.19447773782572025, 0.1850668087184268, 0.20313401695742886, 0.19838416122874772, 0.18746393217028454, 0.20313401695742886, 0.19949394060460782, 0.19066009677276158, 0.18795223509566297, 0.18577706751897724, 0.1965641230523372, 0.18369068229236027, 0.19119279087317442], "val_losses": [4.048065565945057, 4.025068744638786, 3.996103236340901, 3.972221187388356, 3.9524951350227573, 3.9284481855417064, 3.897716286477078, 3.863976338680615, 3.8236050631570357, 3.7868379316278364, 3.7851578833111317, 3.7577797331712763, 4.220158293006126, 3.8521295754650557, 4.361451763338811, 3.827832200355546, 4.066226849097586, 10.61742299842279, 3.910066796896907, 3.735161539022991, 3.721818711228833, 3.721100616693199, 10.198824064561936, 3.7216537773633966, 6.8654778448185025, 3.7428868129458768, 3.7275801935247515, 3.7124505191855364, 3.7090706618884877, 3.7698378003343067, 3.6951743255691434, 3.6918648211002547, 4.016449994957552, 3.6908018748759233, 3.697932122699231, 3.689687049641889, 3.7448425574745183, 3.7051207393196983, 3.6946692641357854, 3.7018616083409457, 4.577719167129129, 4.013269440511639, 4.4433523377328425, 3.750820941544055, 3.7089968773408875, 3.7163549023174616, 3.6949587390167835, 3.693989283632746, 3.6897633729554493, 4.013538095289302, 3.694548594569644, 3.687148631933675, 3.6855028311609974, 3.687416480076695, 3.6903518058834006, 3.6766090986384383, 3.686967501479588, 3.6714922948226896, 3.6884474718615357, 4.62253326264412], "val_accs": [0.03620474406991261, 0.04681647940074907, 0.17436537661256762, 0.1764461090303787, 0.17852684144818975, 0.17852684144818975, 0.17894298793175198, 0.17873491468997088, 0.17873491468997088, 0.17873491468997088, 0.17873491468997088, 0.17873491468997088, 0.0988347898460258, 0.15189346650020807, 0.14294631710362046, 0.16853932584269662, 0.11568872243029546, 0.006658343736995423, 0.17415730337078653, 0.17873491468997088, 0.17873491468997088, 0.17873491468997088, 0.005409904286308781, 0.17873491468997088, 0.005826050769870994, 0.17873491468997088, 0.17873491468997088, 0.17873491468997088, 0.17873491468997088, 0.17873491468997088, 0.17873491468997088, 0.17873491468997088, 0.177070328755722, 0.17873491468997088, 0.17873491468997088, 0.17873491468997088, 0.17831876820640866, 0.17873491468997088, 0.17873491468997088, 0.17873491468997088, 0.02517686225551394, 0.1560549313358302, 0.03911776945484811, 0.17811069496462756, 0.17873491468997088, 0.17790262172284643, 0.17873491468997088, 0.17873491468997088, 0.17873491468997088, 0.17873491468997088, 0.17873491468997088, 0.17873491468997088, 0.17873491468997088, 0.17873491468997088, 0.17873491468997088, 0.17873491468997088, 0.17873491468997088, 0.17873491468997088, 0.17873491468997088, 0.043279234290470245]}